Time,Label,Elapsed
"2025-02-25 08:12:29",CP01_AC01_Inventario,381
"2025-02-25 08:12:34",CP01_AC02_Buscar,90
"2025-02-25 08:12:39",CP02_AC01_NuevaMascota,106
"2025-02-25 08:12:44",CP01_AC01_Inventario,366
"2025-02-25 08:12:49",CP01_AC02_Buscar,102
"2025-02-25 08:12:54",CP02_AC01_NuevaMascota,90
"2025-02-25 08:12:59",CP01_AC01_Inventario,381
"2025-02-25 08:13:04",CP01_AC02_Buscar,88
"2025-02-25 08:13:09",CP02_AC01_NuevaMascota,107
"2025-02-25 08:13:12",CP01_AC01_Inventario,558
"2025-02-25 08:13:14",CP01_AC01_Inventario,363
"2025-02-25 08:13:17",CP01_AC02_Buscar,93
"2025-02-25 08:13:19",CP01_AC02_Buscar,89
"2025-02-25 08:13:22",CP02_AC01_NuevaMascota,88
"2025-02-25 08:13:24",CP02_AC01_NuevaMascota,106
"2025-02-25 08:13:27",CP01_AC01_Inventario,378
"2025-02-25 08:13:29",CP01_AC01_Inventario,362
"2025-02-25 08:13:32",CP01_AC02_Buscar,91
"2025-02-25 08:13:34",CP01_AC02_Buscar,96
"2025-02-25 08:13:37",CP02_AC01_NuevaMascota,104
"2025-02-25 08:13:39",CP02_AC01_NuevaMascota,97
"2025-02-25 08:13:42",CP01_AC01_Inventario,490
"2025-02-25 08:13:44",CP01_AC01_Inventario,377
"2025-02-25 08:13:47",CP01_AC02_Buscar,103
"2025-02-25 08:13:49",CP01_AC02_Buscar,96
"2025-02-25 08:13:52",CP02_AC01_NuevaMascota,88
"2025-02-25 08:13:54",CP02_AC01_NuevaMascota,91
"2025-02-25 08:13:55",CP01_AC01_Inventario,374
"2025-02-25 08:13:57",CP01_AC01_Inventario,361
"2025-02-25 08:13:59",CP01_AC01_Inventario,362
"2025-02-25 08:14:00",CP01_AC02_Buscar,89
"2025-02-25 08:14:02",CP01_AC02_Buscar,89
"2025-02-25 08:14:04",CP01_AC02_Buscar,89
"2025-02-25 08:14:05",CP02_AC01_NuevaMascota,91
"2025-02-25 08:14:07",CP02_AC01_NuevaMascota,102
"2025-02-25 08:14:09",CP02_AC01_NuevaMascota,122
"2025-02-25 08:14:10",CP01_AC01_Inventario,366
"2025-02-25 08:14:12",CP01_AC01_Inventario,367
"2025-02-25 08:14:14",CP01_AC01_Inventario,373
"2025-02-25 08:14:15",CP01_AC02_Buscar,89
"2025-02-25 08:14:17",CP01_AC02_Buscar,95
"2025-02-25 08:14:19",CP01_AC02_Buscar,93
"2025-02-25 08:14:20",CP02_AC01_NuevaMascota,99
"2025-02-25 08:14:22",CP02_AC01_NuevaMascota,98
"2025-02-25 08:14:24",CP02_AC01_NuevaMascota,91
"2025-02-25 08:14:25",CP01_AC01_Inventario,575
"2025-02-25 08:14:27",CP01_AC01_Inventario,359
"2025-02-25 08:14:29",CP01_AC01_Inventario,362
"2025-02-25 08:14:30",CP01_AC02_Buscar,92
"2025-02-25 08:14:32",CP01_AC02_Buscar,94
"2025-02-25 08:14:34",CP01_AC02_Buscar,87
"2025-02-25 08:14:35",CP02_AC01_NuevaMascota,92
"2025-02-25 08:14:37",CP02_AC01_NuevaMascota,93
"2025-02-25 08:14:38",CP01_AC01_Inventario,374
"2025-02-25 08:14:39",CP02_AC01_NuevaMascota,93
"2025-02-25 08:14:40",CP01_AC01_Inventario,402
"2025-02-25 08:14:42",CP01_AC01_Inventario,364
"2025-02-25 08:14:43",CP01_AC02_Buscar,91
"2025-02-25 08:14:44",CP01_AC01_Inventario,367
"2025-02-25 08:14:45",CP01_AC02_Buscar,105
"2025-02-25 08:14:47",CP01_AC02_Buscar,91
"2025-02-25 08:14:48",CP02_AC01_NuevaMascota,92
"2025-02-25 08:14:49",CP01_AC02_Buscar,103
"2025-02-25 08:14:50",CP02_AC01_NuevaMascota,100
"2025-02-25 08:14:52",CP02_AC01_NuevaMascota,128
"2025-02-25 08:14:53",CP01_AC01_Inventario,357
"2025-02-25 08:14:54",CP02_AC01_NuevaMascota,92
"2025-02-25 08:14:55",CP01_AC01_Inventario,396
"2025-02-25 08:14:57",CP01_AC01_Inventario,358
"2025-02-25 08:14:58",CP01_AC02_Buscar,94
"2025-02-25 08:14:59",CP01_AC01_Inventario,364
"2025-02-25 08:15:00",CP01_AC02_Buscar,100
"2025-02-25 08:15:02",CP01_AC02_Buscar,91
"2025-02-25 08:15:03",CP02_AC01_NuevaMascota,109
"2025-02-25 08:15:04",CP01_AC02_Buscar,91
"2025-02-25 08:15:05",CP02_AC01_NuevaMascota,108
"2025-02-25 08:15:07",CP02_AC01_NuevaMascota,100
"2025-02-25 08:15:08",CP01_AC01_Inventario,369
"2025-02-25 08:15:09",CP02_AC01_NuevaMascota,99
"2025-02-25 08:15:10",CP01_AC01_Inventario,373
"2025-02-25 08:15:12",CP01_AC01_Inventario,376
"2025-02-25 08:15:13",CP01_AC02_Buscar,94
"2025-02-25 08:15:14",CP01_AC01_Inventario,368
"2025-02-25 08:15:15",CP01_AC02_Buscar,91
"2025-02-25 08:15:17",CP01_AC02_Buscar,92
"2025-02-25 08:15:18",CP02_AC01_NuevaMascota,96
"2025-02-25 08:15:19",CP01_AC02_Buscar,91
"2025-02-25 08:15:20",CP02_AC01_NuevaMascota,101
"2025-02-25 08:15:21",CP01_AC01_Inventario,372
"2025-02-25 08:15:22",CP02_AC01_NuevaMascota,104
"2025-02-25 08:15:23",CP01_AC01_Inventario,364
"2025-02-25 08:15:24",CP02_AC01_NuevaMascota,103
"2025-02-25 08:15:25",CP01_AC01_Inventario,403
"2025-02-25 08:15:26",CP01_AC02_Buscar,94
"2025-02-25 08:15:27",CP01_AC01_Inventario,484
"2025-02-25 08:15:28",CP01_AC02_Buscar,89
"2025-02-25 08:15:29",CP01_AC01_Inventario,370
"2025-02-25 08:15:30",CP01_AC02_Buscar,102
"2025-02-25 08:15:31",CP02_AC01_NuevaMascota,100
"2025-02-25 08:15:32",CP01_AC02_Buscar,90
"2025-02-25 08:15:33",CP02_AC01_NuevaMascota,102
"2025-02-25 08:15:34",CP01_AC02_Buscar,88
"2025-02-25 08:15:35",CP02_AC01_NuevaMascota,98
"2025-02-25 08:15:36",CP01_AC01_Inventario,361
"2025-02-25 08:15:37",CP02_AC01_NuevaMascota,99
"2025-02-25 08:15:38",CP01_AC01_Inventario,371
"2025-02-25 08:15:39",CP02_AC01_NuevaMascota,97
"2025-02-25 08:15:40",CP01_AC01_Inventario,364
"2025-02-25 08:15:41",CP01_AC02_Buscar,90
"2025-02-25 08:15:42",CP01_AC01_Inventario,370
"2025-02-25 08:15:43",CP01_AC02_Buscar,92
"2025-02-25 08:15:44",CP01_AC01_Inventario,367
"2025-02-25 08:15:45",CP01_AC02_Buscar,92
"2025-02-25 08:15:46",CP02_AC01_NuevaMascota,99
"2025-02-25 08:15:47",CP01_AC02_Buscar,90
"2025-02-25 08:15:48",CP02_AC01_NuevaMascota,99
"2025-02-25 08:15:49",CP01_AC02_Buscar,88
"2025-02-25 08:15:50",CP02_AC01_NuevaMascota,100
"2025-02-25 08:15:51",CP01_AC01_Inventario,364
"2025-02-25 08:15:52",CP02_AC01_NuevaMascota,105
"2025-02-25 08:15:53",CP01_AC01_Inventario,371
"2025-02-25 08:15:54",CP02_AC01_NuevaMascota,97
"2025-02-25 08:15:55",CP01_AC01_Inventario,368
"2025-02-25 08:15:56",CP01_AC02_Buscar,89
"2025-02-25 08:15:57",CP01_AC01_Inventario,364
"2025-02-25 08:15:58",CP01_AC02_Buscar,92
"2025-02-25 08:15:59",CP01_AC01_Inventario,372
"2025-02-25 08:16:00",CP01_AC02_Buscar,90
"2025-02-25 08:16:01",CP02_AC01_NuevaMascota,107
"2025-02-25 08:16:02",CP01_AC02_Buscar,90
"2025-02-25 08:16:03",CP02_AC01_NuevaMascota,111
"2025-02-25 08:16:03",CP01_AC01_Inventario,367
"2025-02-25 08:16:04",CP01_AC02_Buscar,89
"2025-02-25 08:16:05",CP02_AC01_NuevaMascota,96
"2025-02-25 08:16:06",CP01_AC01_Inventario,366
"2025-02-25 08:16:07",CP02_AC01_NuevaMascota,97
"2025-02-25 08:16:08",CP01_AC01_Inventario,401
"2025-02-25 08:16:08",CP01_AC02_Buscar,91
"2025-02-25 08:16:09",CP02_AC01_NuevaMascota,97
"2025-02-25 08:16:10",CP01_AC01_Inventario,372
"2025-02-25 08:16:11",CP01_AC02_Buscar,90
"2025-02-25 08:16:12",CP01_AC01_Inventario,369
"2025-02-25 08:16:13",CP01_AC02_Buscar,98
"2025-02-25 08:16:13",CP02_AC01_NuevaMascota,99
"2025-02-25 08:16:14",CP01_AC01_Inventario,369
"2025-02-25 08:16:15",CP01_AC02_Buscar,91
"2025-02-25 08:16:16",CP02_AC01_NuevaMascota,98
"2025-02-25 08:16:17",CP01_AC02_Buscar,90
"2025-02-25 08:16:18",CP01_AC01_Inventario,369
"2025-02-25 08:16:18",CP01_AC01_Inventario,378
"2025-02-25 08:16:19",CP01_AC02_Buscar,92
"2025-02-25 08:16:20",CP02_AC01_NuevaMascota,106
"2025-02-25 08:16:21",CP01_AC01_Inventario,369
"2025-02-25 08:16:22",CP02_AC01_NuevaMascota,97
"2025-02-25 08:16:23",CP01_AC02_Buscar,93
"2025-02-25 08:16:23",CP01_AC02_Buscar,94
"2025-02-25 08:16:24",CP02_AC01_NuevaMascota,100
"2025-02-25 08:16:25",CP01_AC01_Inventario,389
"2025-02-25 08:16:26",CP01_AC02_Buscar,90
"2025-02-25 08:16:27",CP01_AC01_Inventario,366
"2025-02-25 08:16:28",CP02_AC01_NuevaMascota,102
"2025-02-25 08:16:28",CP02_AC01_NuevaMascota,90
"2025-02-25 08:16:29",CP01_AC01_Inventario,364
"2025-02-25 08:16:30",CP01_AC02_Buscar,97
"2025-02-25 08:16:31",CP02_AC01_NuevaMascota,109
"2025-02-25 08:16:32",CP01_AC02_Buscar,90
"2025-02-25 08:16:33",CP01_AC01_Inventario,645
"2025-02-25 08:16:33",CP01_AC01_Inventario,368
"2025-02-25 08:16:34",CP01_AC02_Buscar,96
"2025-02-25 08:16:35",CP02_AC01_NuevaMascota,110
"2025-02-25 08:16:36",CP01_AC01_Inventario,365
"2025-02-25 08:16:37",CP02_AC01_NuevaMascota,105
"2025-02-25 08:16:38",CP01_AC02_Buscar,99
"2025-02-25 08:16:38",CP01_AC02_Buscar,89
"2025-02-25 08:16:39",CP02_AC01_NuevaMascota,97
"2025-02-25 08:16:40",CP01_AC01_Inventario,366
"2025-02-25 08:16:41",CP01_AC02_Buscar,93
"2025-02-25 08:16:42",CP01_AC01_Inventario,403
"2025-02-25 08:16:43",CP02_AC01_NuevaMascota,99
"2025-02-25 08:16:43",CP02_AC01_NuevaMascota,97
"2025-02-25 08:16:44",CP01_AC01_Inventario,371
"2025-02-25 08:16:45",CP01_AC02_Buscar,91
"2025-02-25 08:16:46",CP02_AC01_NuevaMascota,106
"2025-02-25 08:16:46",CP01_AC01_Inventario,370
"2025-02-25 08:16:47",CP01_AC02_Buscar,100
"2025-02-25 08:16:48",CP01_AC01_Inventario,379
"2025-02-25 08:16:48",CP01_AC01_Inventario,381
"2025-02-25 08:16:49",CP01_AC02_Buscar,91
"2025-02-25 08:16:50",CP02_AC01_NuevaMascota,104
"2025-02-25 08:16:51",CP01_AC01_Inventario,377
"2025-02-25 08:16:51",CP01_AC02_Buscar,89
"2025-02-25 08:16:52",CP02_AC01_NuevaMascota,109
"2025-02-25 08:16:53",CP01_AC02_Buscar,89
"2025-02-25 08:16:53",CP01_AC02_Buscar,88
"2025-02-25 08:16:54",CP02_AC01_NuevaMascota,104
"2025-02-25 08:16:55",CP01_AC01_Inventario,368
"2025-02-25 08:16:56",CP01_AC02_Buscar,96
"2025-02-25 08:16:56",CP02_AC01_NuevaMascota,110
"2025-02-25 08:16:57",CP01_AC01_Inventario,365
"2025-02-25 08:16:58",CP02_AC01_NuevaMascota,108
"2025-02-25 08:16:58",CP02_AC01_NuevaMascota,109
"2025-02-25 08:16:59",CP01_AC01_Inventario,397
"2025-02-25 08:17:00",CP01_AC02_Buscar,89
"2025-02-25 08:17:01",CP02_AC01_NuevaMascota,98
"2025-02-25 08:17:01",CP01_AC01_Inventario,362
"2025-02-25 08:17:02",CP01_AC02_Buscar,88
"2025-02-25 08:17:03",CP01_AC01_Inventario,368
"2025-02-25 08:17:03",CP01_AC01_Inventario,398
"2025-02-25 08:17:04",CP01_AC02_Buscar,101
"2025-02-25 08:17:05",CP02_AC01_NuevaMascota,100
"2025-02-25 08:17:06",CP01_AC01_Inventario,373
"2025-02-25 08:17:06",CP01_AC02_Buscar,90
"2025-02-25 08:17:07",CP02_AC01_NuevaMascota,95
"2025-02-25 08:17:08",CP01_AC02_Buscar,89
"2025-02-25 08:17:08",CP01_AC02_Buscar,88
"2025-02-25 08:17:09",CP02_AC01_NuevaMascota,99
"2025-02-25 08:17:10",CP01_AC01_Inventario,365
"2025-02-25 08:17:11",CP01_AC02_Buscar,89
"2025-02-25 08:17:11",CP02_AC01_NuevaMascota,103
"2025-02-25 08:17:12",CP01_AC01_Inventario,361
"2025-02-25 08:17:13",CP02_AC01_NuevaMascota,100
"2025-02-25 08:17:13",CP02_AC01_NuevaMascota,97
"2025-02-25 08:17:14",CP01_AC01_Inventario,366
"2025-02-25 08:17:15",CP01_AC02_Buscar,98
"2025-02-25 08:17:16",CP02_AC01_NuevaMascota,99
"2025-02-25 08:17:16",CP01_AC01_Inventario,365
"2025-02-25 08:17:17",CP01_AC02_Buscar,89
"2025-02-25 08:17:18",CP01_AC01_Inventario,365
"2025-02-25 08:17:18",CP01_AC01_Inventario,399
"2025-02-25 08:17:19",CP01_AC02_Buscar,90
"2025-02-25 08:17:20",CP02_AC01_NuevaMascota,105
"2025-02-25 08:17:21",CP01_AC01_Inventario,366
"2025-02-25 08:17:21",CP01_AC02_Buscar,96
"2025-02-25 08:17:22",CP02_AC01_NuevaMascota,108
"2025-02-25 08:17:23",CP01_AC02_Buscar,91
"2025-02-25 08:17:23",CP01_AC02_Buscar,101
"2025-02-25 08:17:24",CP02_AC01_NuevaMascota,105
"2025-02-25 08:17:25",CP01_AC01_Inventario,372
"2025-02-25 08:17:26",CP01_AC02_Buscar,90
"2025-02-25 08:17:26",CP02_AC01_NuevaMascota,97
"2025-02-25 08:17:27",CP01_AC01_Inventario,367
"2025-02-25 08:17:28",CP02_AC01_NuevaMascota,109
"2025-02-25 08:17:28",CP02_AC01_NuevaMascota,109
"2025-02-25 08:17:29",CP01_AC01_Inventario,367
"2025-02-25 08:17:29",CP01_AC01_Inventario,399
"2025-02-25 08:17:30",CP01_AC02_Buscar,93
"2025-02-25 08:17:31",CP02_AC01_NuevaMascota,114
"2025-02-25 08:17:31",CP01_AC01_Inventario,359
"2025-02-25 08:17:32",CP01_AC02_Buscar,99
"2025-02-25 08:17:33",CP01_AC01_Inventario,423
"2025-02-25 08:17:33",CP01_AC01_Inventario,436
"2025-02-25 08:17:34",CP01_AC02_Buscar,93
"2025-02-25 08:17:34",CP01_AC02_Buscar,101
"2025-02-25 08:17:35",CP02_AC01_NuevaMascota,100
"2025-02-25 08:17:36",CP01_AC01_Inventario,363
"2025-02-25 08:17:36",CP01_AC02_Buscar,90
"2025-02-25 08:17:37",CP02_AC01_NuevaMascota,99
"2025-02-25 08:17:38",CP01_AC02_Buscar,106
"2025-02-25 08:17:38",CP01_AC02_Buscar,89
"2025-02-25 08:17:39",CP02_AC01_NuevaMascota,98
"2025-02-25 08:17:39",CP02_AC01_NuevaMascota,114
"2025-02-25 08:17:40",CP01_AC01_Inventario,364
"2025-02-25 08:17:41",CP01_AC02_Buscar,89
"2025-02-25 08:17:41",CP02_AC01_NuevaMascota,113
"2025-02-25 08:17:42",CP01_AC01_Inventario,363
"2025-02-25 08:17:43",CP02_AC01_NuevaMascota,105
"2025-02-25 08:17:43",CP02_AC01_NuevaMascota,106
"2025-02-25 08:17:44",CP01_AC01_Inventario,357
"2025-02-25 08:17:44",CP01_AC01_Inventario,407
"2025-02-25 08:17:45",CP01_AC02_Buscar,91
"2025-02-25 08:17:46",CP02_AC01_NuevaMascota,105
"2025-02-25 08:17:46",CP01_AC01_Inventario,432
"2025-02-25 08:17:47",CP01_AC02_Buscar,90
"2025-02-25 08:17:48",CP01_AC01_Inventario,357
"2025-02-25 08:17:48",CP01_AC01_Inventario,362
"2025-02-25 08:17:49",CP01_AC02_Buscar,88
"2025-02-25 08:17:49",CP01_AC02_Buscar,100
"2025-02-25 08:17:50",CP02_AC01_NuevaMascota,105
"2025-02-25 08:17:51",CP01_AC01_Inventario,366
"2025-02-25 08:17:51",CP01_AC02_Buscar,104
"2025-02-25 08:17:52",CP02_AC01_NuevaMascota,98
"2025-02-25 08:17:53",CP01_AC02_Buscar,95
"2025-02-25 08:17:53",CP01_AC02_Buscar,90
"2025-02-25 08:17:54",CP02_AC01_NuevaMascota,106
"2025-02-25 08:17:54",CP02_AC01_NuevaMascota,112
"2025-02-25 08:17:55",CP01_AC01_Inventario,367
"2025-02-25 08:17:56",CP01_AC02_Buscar,98
"2025-02-25 08:17:56",CP02_AC01_NuevaMascota,157
"2025-02-25 08:17:57",CP01_AC01_Inventario,359
"2025-02-25 08:17:58",CP01_AC01_Inventario,382
"2025-02-25 08:17:58",CP02_AC01_NuevaMascota,99
"2025-02-25 08:17:59",CP01_AC01_Inventario,385
"2025-02-25 08:17:59",CP01_AC01_Inventario,368
"2025-02-25 08:18:00",CP01_AC02_Buscar,89
"2025-02-25 08:18:01",CP02_AC01_NuevaMascota,106
"2025-02-25 08:18:01",CP01_AC01_Inventario,357
"2025-02-25 08:18:02",CP01_AC02_Buscar,115
"2025-02-25 08:18:03",CP01_AC02_Buscar,100
"2025-02-25 08:18:03",CP01_AC01_Inventario,369
"2025-02-25 08:18:04",CP01_AC02_Buscar,90
"2025-02-25 08:18:04",CP01_AC02_Buscar,91
"2025-02-25 08:18:05",CP02_AC01_NuevaMascota,103
"2025-02-25 08:18:06",CP01_AC01_Inventario,568
"2025-02-25 08:18:06",CP01_AC02_Buscar,88
"2025-02-25 08:18:07",CP02_AC01_NuevaMascota,89
"2025-02-25 08:18:08",CP02_AC01_NuevaMascota,92
"2025-02-25 08:18:08",CP01_AC02_Buscar,87
"2025-02-25 08:18:09",CP02_AC01_NuevaMascota,109
"2025-02-25 08:18:09",CP02_AC01_NuevaMascota,105
"2025-02-25 08:18:10",CP01_AC01_Inventario,404
"2025-02-25 08:18:11",CP01_AC02_Buscar,88
"2025-02-25 08:18:11",CP02_AC01_NuevaMascota,97
"2025-02-25 08:18:12",CP01_AC01_Inventario,429
"2025-02-25 08:18:13",CP01_AC01_Inventario,364
"2025-02-25 08:18:13",CP02_AC01_NuevaMascota,106
"2025-02-25 08:18:14",CP01_AC01_Inventario,364
"2025-02-25 08:18:14",CP01_AC01_Inventario,424
"2025-02-25 08:18:15",CP01_AC02_Buscar,98
"2025-02-25 08:18:16",CP02_AC01_NuevaMascota,95
"2025-02-25 08:18:16",CP01_AC01_Inventario,367
"2025-02-25 08:18:17",CP01_AC02_Buscar,104
"2025-02-25 08:18:18",CP01_AC02_Buscar,88
"2025-02-25 08:18:18",CP01_AC01_Inventario,364
"2025-02-25 08:18:19",CP01_AC02_Buscar,88
"2025-02-25 08:18:19",CP01_AC02_Buscar,106
"2025-02-25 08:18:20",CP02_AC01_NuevaMascota,108
"2025-02-25 08:18:21",CP01_AC01_Inventario,379
"2025-02-25 08:18:21",CP01_AC02_Buscar,88
"2025-02-25 08:18:22",CP02_AC01_NuevaMascota,104
"2025-02-25 08:18:23",CP02_AC01_NuevaMascota,104
"2025-02-25 08:18:23",CP01_AC02_Buscar,90
"2025-02-25 08:18:24",CP02_AC01_NuevaMascota,107
"2025-02-25 08:18:24",CP02_AC01_NuevaMascota,108
"2025-02-25 08:18:25",CP01_AC01_Inventario,377
"2025-02-25 08:18:26",CP01_AC02_Buscar,90
"2025-02-25 08:18:26",CP02_AC01_NuevaMascota,98
"2025-02-25 08:18:27",CP01_AC01_Inventario,433
"2025-02-25 08:18:28",CP01_AC01_Inventario,407
"2025-02-25 08:18:28",CP02_AC01_NuevaMascota,106
"2025-02-25 08:18:29",CP01_AC01_Inventario,363
"2025-02-25 08:18:29",CP01_AC01_Inventario,358
"2025-02-25 08:18:30",CP01_AC02_Buscar,88
"2025-02-25 08:18:31",CP02_AC01_NuevaMascota,101
"2025-02-25 08:18:31",CP01_AC01_Inventario,362
"2025-02-25 08:18:32",CP01_AC02_Buscar,105
"2025-02-25 08:18:33",CP01_AC02_Buscar,101
"2025-02-25 08:18:33",CP01_AC01_Inventario,359
"2025-02-25 08:18:34",CP01_AC02_Buscar,91
"2025-02-25 08:18:34",CP01_AC02_Buscar,91
"2025-02-25 08:18:35",CP02_AC01_NuevaMascota,106
"2025-02-25 08:18:36",CP01_AC01_Inventario,366
"2025-02-25 08:18:36",CP01_AC02_Buscar,88
"2025-02-25 08:18:37",CP02_AC01_NuevaMascota,104
"2025-02-25 08:18:38",CP02_AC01_NuevaMascota,116
"2025-02-25 08:18:38",CP01_AC02_Buscar,89
"2025-02-25 08:18:39",CP02_AC01_NuevaMascota,96
"2025-02-25 08:18:39",CP02_AC01_NuevaMascota,96
"2025-02-25 08:18:40",CP01_AC01_Inventario,401
"2025-02-25 08:18:41",CP01_AC02_Buscar,91
"2025-02-25 08:18:41",CP02_AC01_NuevaMascota,106
"2025-02-25 08:18:42",CP01_AC01_Inventario,406
"2025-02-25 08:18:43",CP01_AC01_Inventario,374
"2025-02-25 08:18:43",CP02_AC01_NuevaMascota,97
"2025-02-25 08:18:44",CP01_AC01_Inventario,365
"2025-02-25 08:18:44",CP01_AC01_Inventario,432
"2025-02-25 08:18:45",CP01_AC02_Buscar,90
"2025-02-25 08:18:46",CP01_AC01_Inventario,427
"2025-02-25 08:18:46",CP01_AC01_Inventario,397
"2025-02-25 08:18:47",CP01_AC02_Buscar,100
"2025-02-25 08:18:48",CP01_AC02_Buscar,91
"2025-02-25 08:18:48",CP01_AC01_Inventario,424
"2025-02-25 08:18:49",CP01_AC02_Buscar,88
"2025-02-25 08:18:49",CP01_AC02_Buscar,103
"2025-02-25 08:18:50",CP02_AC01_NuevaMascota,104
"2025-02-25 08:18:51",CP01_AC02_Buscar,90
"2025-02-25 08:18:51",CP01_AC02_Buscar,98
"2025-02-25 08:18:52",CP02_AC01_NuevaMascota,100
"2025-02-25 08:18:53",CP02_AC01_NuevaMascota,103
"2025-02-25 08:18:53",CP01_AC02_Buscar,87
"2025-02-25 08:18:54",CP02_AC01_NuevaMascota,114
"2025-02-25 08:18:54",CP02_AC01_NuevaMascota,101
"2025-02-25 08:18:55",CP01_AC01_Inventario,365
"2025-02-25 08:18:56",CP02_AC01_NuevaMascota,106
"2025-02-25 08:18:56",CP02_AC01_NuevaMascota,115
"2025-02-25 08:18:57",CP01_AC01_Inventario,397
"2025-02-25 08:18:58",CP01_AC01_Inventario,360
"2025-02-25 08:18:58",CP02_AC01_NuevaMascota,95
"2025-02-25 08:18:59",CP01_AC01_Inventario,370
"2025-02-25 08:18:59",CP01_AC01_Inventario,367
"2025-02-25 08:19:00",CP01_AC02_Buscar,89
"2025-02-25 08:19:01",CP01_AC01_Inventario,422
"2025-02-25 08:19:01",CP01_AC01_Inventario,359
"2025-02-25 08:19:02",CP01_AC02_Buscar,99
"2025-02-25 08:19:03",CP01_AC02_Buscar,100
"2025-02-25 08:19:03",CP01_AC01_Inventario,419
"2025-02-25 08:19:04",CP01_AC02_Buscar,90
"2025-02-25 08:19:04",CP01_AC02_Buscar,90
"2025-02-25 08:19:05",CP02_AC01_NuevaMascota,106
"2025-02-25 08:19:06",CP01_AC02_Buscar,104
"2025-02-25 08:19:06",CP01_AC02_Buscar,90
"2025-02-25 08:19:07",CP02_AC01_NuevaMascota,114
"2025-02-25 08:19:08",CP02_AC01_NuevaMascota,93
"2025-02-25 08:19:08",CP01_AC02_Buscar,107
"2025-02-25 08:19:09",CP02_AC01_NuevaMascota,90
"2025-02-25 08:19:09",CP02_AC01_NuevaMascota,91
"2025-02-25 08:19:10",CP01_AC01_Inventario,356
"2025-02-25 08:19:11",CP02_AC01_NuevaMascota,104
"2025-02-25 08:19:11",CP02_AC01_NuevaMascota,93
"2025-02-25 08:19:12",CP01_AC01_Inventario,492
"2025-02-25 08:19:13",CP01_AC01_Inventario,368
"2025-02-25 08:19:13",CP02_AC01_NuevaMascota,105
"2025-02-25 08:19:14",CP01_AC01_Inventario,396
"2025-02-25 08:19:14",CP01_AC01_Inventario,367
"2025-02-25 08:19:15",CP01_AC02_Buscar,91
"2025-02-25 08:19:16",CP01_AC01_Inventario,358
"2025-02-25 08:19:16",CP01_AC01_Inventario,397
"2025-02-25 08:19:17",CP01_AC02_Buscar,88
"2025-02-25 08:19:18",CP01_AC02_Buscar,90
"2025-02-25 08:19:18",CP01_AC01_Inventario,361
"2025-02-25 08:19:19",CP01_AC02_Buscar,105
"2025-02-25 08:19:19",CP01_AC02_Buscar,90
"2025-02-25 08:19:20",CP02_AC01_NuevaMascota,91
"2025-02-25 08:19:21",CP01_AC02_Buscar,92
"2025-02-25 08:19:21",CP01_AC02_Buscar,106
"2025-02-25 08:19:22",CP02_AC01_NuevaMascota,95
"2025-02-25 08:19:23",CP02_AC01_NuevaMascota,93
"2025-02-25 08:19:23",CP01_AC02_Buscar,89
"2025-02-25 08:19:24",CP02_AC01_NuevaMascota,98
"2025-02-25 08:19:24",CP02_AC01_NuevaMascota,93
"2025-02-25 08:19:25",CP01_AC01_Inventario,360
"2025-02-25 08:19:26",CP02_AC01_NuevaMascota,91
"2025-02-25 08:19:26",CP02_AC01_NuevaMascota,109
"2025-02-25 08:19:27",CP01_AC01_Inventario,386
"2025-02-25 08:19:28",CP01_AC01_Inventario,374
"2025-02-25 08:19:28",CP02_AC01_NuevaMascota,90
"2025-02-25 08:19:29",CP01_AC01_Inventario,356
"2025-02-25 08:19:29",CP01_AC01_Inventario,369
"2025-02-25 08:19:30",CP01_AC02_Buscar,92
"2025-02-25 08:19:31",CP01_AC01_Inventario,395
"2025-02-25 08:19:31",CP01_AC01_Inventario,363
"2025-02-25 08:19:32",CP01_AC02_Buscar,89
"2025-02-25 08:19:33",CP01_AC02_Buscar,88
"2025-02-25 08:19:33",CP01_AC01_Inventario,420
"2025-02-25 08:19:34",CP01_AC02_Buscar,89
"2025-02-25 08:19:34",CP01_AC02_Buscar,88
"2025-02-25 08:19:35",CP02_AC01_NuevaMascota,95
"2025-02-25 08:19:36",CP01_AC02_Buscar,100
"2025-02-25 08:19:36",CP01_AC02_Buscar,95
"2025-02-25 08:19:37",CP02_AC01_NuevaMascota,93
"2025-02-25 08:19:38",CP02_AC01_NuevaMascota,92
"2025-02-25 08:19:38",CP01_AC02_Buscar,101
"2025-02-25 08:19:39",CP02_AC01_NuevaMascota,91
"2025-02-25 08:19:39",CP02_AC01_NuevaMascota,91
"2025-02-25 08:19:40",CP01_AC01_Inventario,434
"2025-02-25 08:19:41",CP02_AC01_NuevaMascota,98
"2025-02-25 08:19:41",CP02_AC01_NuevaMascota,94
"2025-02-25 08:19:42",CP01_AC01_Inventario,358
"2025-02-25 08:19:43",CP01_AC01_Inventario,397
"2025-02-25 08:19:43",CP02_AC01_NuevaMascota,103
"2025-02-25 08:19:44",CP01_AC01_Inventario,365
"2025-02-25 08:19:44",CP01_AC01_Inventario,363
"2025-02-25 08:19:45",CP01_AC02_Buscar,111
"2025-02-25 08:19:46",CP01_AC01_Inventario,363
"2025-02-25 08:19:46",CP01_AC01_Inventario,364
"2025-02-25 08:19:47",CP01_AC02_Buscar,97
"2025-02-25 08:19:48",CP01_AC02_Buscar,98
"2025-02-25 08:19:48",CP01_AC01_Inventario,369
"2025-02-25 08:19:49",CP01_AC02_Buscar,90
"2025-02-25 08:19:49",CP01_AC02_Buscar,97
"2025-02-25 08:19:50",CP02_AC01_NuevaMascota,142
"2025-02-25 08:19:51",CP01_AC02_Buscar,88
"2025-02-25 08:19:51",CP01_AC02_Buscar,90
"2025-02-25 08:19:52",CP02_AC01_NuevaMascota,92
"2025-02-25 08:19:53",CP01_AC01_Inventario,362
"2025-02-25 08:19:53",CP01_AC02_Buscar,88
"2025-02-25 08:19:54",CP02_AC01_NuevaMascota,99
"2025-02-25 08:19:54",CP02_AC01_NuevaMascota,94
"2025-02-25 08:19:55",CP01_AC01_Inventario,390
"2025-02-25 08:19:56",CP02_AC01_NuevaMascota,110
"2025-02-25 08:19:56",CP02_AC01_NuevaMascota,92
"2025-02-25 08:19:57",CP01_AC01_Inventario,361
"2025-02-25 08:19:58",CP01_AC02_Buscar,89
"2025-02-25 08:19:58",CP02_AC01_NuevaMascota,95
"2025-02-25 08:19:59",CP01_AC01_Inventario,400
"2025-02-25 08:19:59",CP01_AC01_Inventario,374
"2025-02-25 08:20:00",CP01_AC02_Buscar,90
"2025-02-25 08:20:01",CP01_AC01_Inventario,377
"2025-02-25 08:20:01",CP01_AC01_Inventario,357
"2025-02-25 08:20:02",CP01_AC02_Buscar,88
"2025-02-25 08:20:03",CP02_AC01_NuevaMascota,90
"2025-02-25 08:20:03",CP01_AC01_Inventario,393
"2025-02-25 08:20:04",CP01_AC02_Buscar,100
"2025-02-25 08:20:04",CP01_AC02_Buscar,88
"2025-02-25 08:20:05",CP02_AC01_NuevaMascota,92
"2025-02-25 08:20:06",CP01_AC02_Buscar,92
"2025-02-25 08:20:06",CP01_AC02_Buscar,88
"2025-02-25 08:20:07",CP02_AC01_NuevaMascota,93
"2025-02-25 08:20:08",CP01_AC01_Inventario,364
"2025-02-25 08:20:08",CP01_AC02_Buscar,89
"2025-02-25 08:20:09",CP02_AC01_NuevaMascota,101
"2025-02-25 08:20:09",CP01_AC01_Inventario,360
"2025-02-25 08:20:10",CP01_AC01_Inventario,396
"2025-02-25 08:20:11",CP02_AC01_NuevaMascota,91
"2025-02-25 08:20:11",CP02_AC01_NuevaMascota,94
"2025-02-25 08:20:12",CP01_AC01_Inventario,360
"2025-02-25 08:20:13",CP01_AC02_Buscar,91
"2025-02-25 08:20:13",CP02_AC01_NuevaMascota,90
"2025-02-25 08:20:14",CP01_AC01_Inventario,455
"2025-02-25 08:20:14",CP01_AC02_Buscar,91
"2025-02-25 08:20:15",CP01_AC02_Buscar,99
"2025-02-25 08:20:16",CP01_AC01_Inventario,403
"2025-02-25 08:20:16",CP01_AC01_Inventario,656
"2025-02-25 08:20:17",CP01_AC02_Buscar,89
"2025-02-25 08:20:18",CP02_AC01_NuevaMascota,92
"2025-02-25 08:20:18",CP01_AC01_Inventario,354
"2025-02-25 08:20:19",CP01_AC02_Buscar,102
"2025-02-25 08:20:19",CP02_AC01_NuevaMascota,99
"2025-02-25 08:20:20",CP02_AC01_NuevaMascota,99
"2025-02-25 08:20:21",CP01_AC02_Buscar,96
"2025-02-25 08:20:21",CP01_AC02_Buscar,97
"2025-02-25 08:20:22",CP02_AC01_NuevaMascota,90
"2025-02-25 08:20:23",CP01_AC01_Inventario,369
"2025-02-25 08:20:23",CP01_AC02_Buscar,90
"2025-02-25 08:20:24",CP02_AC01_NuevaMascota,87
"2025-02-25 08:20:24",CP01_AC01_Inventario,364
"2025-02-25 08:20:25",CP01_AC01_Inventario,367
"2025-02-25 08:20:26",CP02_AC01_NuevaMascota,99
"2025-02-25 08:20:26",CP02_AC01_NuevaMascota,98
"2025-02-25 08:20:27",CP01_AC01_Inventario,357
"2025-02-25 08:20:28",CP01_AC02_Buscar,92
"2025-02-25 08:20:28",CP02_AC01_NuevaMascota,89
"2025-02-25 08:20:29",CP01_AC01_Inventario,358
"2025-02-25 08:20:29",CP01_AC02_Buscar,88
"2025-02-25 08:20:30",CP01_AC02_Buscar,88
"2025-02-25 08:20:31",CP01_AC01_Inventario,384
"2025-02-25 08:20:31",CP01_AC01_Inventario,395
"2025-02-25 08:20:32",CP01_AC02_Buscar,89
"2025-02-25 08:20:33",CP02_AC01_NuevaMascota,105
"2025-02-25 08:20:33",CP01_AC01_Inventario,370
"2025-02-25 08:20:34",CP02_AC01_NuevaMascota,104
"2025-02-25 08:20:34",CP01_AC02_Buscar,88
"2025-02-25 08:20:35",CP02_AC01_NuevaMascota,104
"2025-02-25 08:20:36",CP01_AC02_Buscar,96
"2025-02-25 08:20:36",CP01_AC02_Buscar,98
"2025-02-25 08:20:37",CP02_AC01_NuevaMascota,107
"2025-02-25 08:20:38",CP01_AC01_Inventario,357
"2025-02-25 08:20:38",CP01_AC02_Buscar,89
"2025-02-25 08:20:39",CP02_AC01_NuevaMascota,104
"2025-02-25 08:20:39",CP01_AC01_Inventario,364
"2025-02-25 08:20:40",CP01_AC01_Inventario,367
"2025-02-25 08:20:41",CP02_AC01_NuevaMascota,98
"2025-02-25 08:20:41",CP02_AC01_NuevaMascota,100
"2025-02-25 08:20:42",CP01_AC01_Inventario,359
"2025-02-25 08:20:43",CP01_AC02_Buscar,89
"2025-02-25 08:20:43",CP02_AC01_NuevaMascota,97
"2025-02-25 08:20:44",CP01_AC01_Inventario,361
"2025-02-25 08:20:44",CP01_AC02_Buscar,87
"2025-02-25 08:20:45",CP01_AC02_Buscar,89
"2025-02-25 08:20:46",CP01_AC01_Inventario,398
"2025-02-25 08:20:46",CP01_AC01_Inventario,368
"2025-02-25 08:20:47",CP01_AC02_Buscar,92
"2025-02-25 08:20:48",CP02_AC01_NuevaMascota,97
"2025-02-25 08:20:48",CP01_AC01_Inventario,366
"2025-02-25 08:20:49",CP02_AC01_NuevaMascota,97
"2025-02-25 08:20:49",CP01_AC02_Buscar,89
"2025-02-25 08:20:50",CP02_AC01_NuevaMascota,99
"2025-02-25 08:20:51",CP01_AC02_Buscar,88
"2025-02-25 08:20:51",CP01_AC02_Buscar,88
"2025-02-25 08:20:52",CP02_AC01_NuevaMascota,111
"2025-02-25 08:20:53",CP01_AC01_Inventario,378
"2025-02-25 08:20:53",CP01_AC02_Buscar,131
"2025-02-25 08:20:54",CP02_AC01_NuevaMascota,104
"2025-02-25 08:20:54",CP01_AC01_Inventario,387
"2025-02-25 08:20:55",CP01_AC01_Inventario,400
"2025-02-25 08:20:56",CP02_AC01_NuevaMascota,98
"2025-02-25 08:20:56",CP02_AC01_NuevaMascota,96
"2025-02-25 08:20:57",CP01_AC01_Inventario,397
"2025-02-25 08:20:58",CP01_AC02_Buscar,87
"2025-02-25 08:20:58",CP02_AC01_NuevaMascota,90
"2025-02-25 08:20:59",CP01_AC01_Inventario,365
"2025-02-25 08:20:59",CP01_AC02_Buscar,88
"2025-02-25 08:21:00",CP01_AC02_Buscar,98
"2025-02-25 08:21:01",CP01_AC01_Inventario,368
"2025-02-25 08:21:01",CP01_AC01_Inventario,368
"2025-02-25 08:21:02",CP01_AC02_Buscar,97
"2025-02-25 08:21:03",CP02_AC01_NuevaMascota,123
"2025-02-25 08:21:03",CP01_AC01_Inventario,355
"2025-02-25 08:21:04",CP01_AC02_Buscar,89
"2025-02-25 08:21:04",CP02_AC01_NuevaMascota,103
"2025-02-25 08:21:05",CP02_AC01_NuevaMascota,97
"2025-02-25 08:21:06",CP01_AC02_Buscar,93
"2025-02-25 08:21:06",CP01_AC02_Buscar,89
"2025-02-25 08:21:07",CP02_AC01_NuevaMascota,100
"2025-02-25 08:21:08",CP01_AC01_Inventario,356
"2025-02-25 08:21:08",CP01_AC02_Buscar,88
"2025-02-25 08:21:09",CP02_AC01_NuevaMascota,89
"2025-02-25 08:21:09",CP01_AC01_Inventario,355
"2025-02-25 08:21:10",CP01_AC01_Inventario,360
"2025-02-25 08:21:11",CP02_AC01_NuevaMascota,91
"2025-02-25 08:21:11",CP02_AC01_NuevaMascota,91
"2025-02-25 08:21:12",CP01_AC01_Inventario,354
"2025-02-25 08:21:13",CP01_AC02_Buscar,88
"2025-02-25 08:21:13",CP02_AC01_NuevaMascota,94
"2025-02-25 08:21:14",CP01_AC02_Buscar,90
"2025-02-25 08:21:14",CP01_AC01_Inventario,365
"2025-02-25 08:21:15",CP01_AC02_Buscar,92
"2025-02-25 08:21:16",CP01_AC01_Inventario,360
"2025-02-25 08:21:16",CP01_AC01_Inventario,537
"2025-02-25 08:21:17",CP01_AC02_Buscar,91
"2025-02-25 08:21:18",CP02_AC01_NuevaMascota,100
"2025-02-25 08:21:18",CP01_AC01_Inventario,376
"2025-02-25 08:21:19",CP02_AC01_NuevaMascota,102
"2025-02-25 08:21:19",CP01_AC02_Buscar,102
"2025-02-25 08:21:20",CP02_AC01_NuevaMascota,104
"2025-02-25 08:21:21",CP01_AC02_Buscar,88
"2025-02-25 08:21:21",CP01_AC02_Buscar,105
"2025-02-25 08:21:22",CP02_AC01_NuevaMascota,106
"2025-02-25 08:21:23",CP01_AC01_Inventario,361
"2025-02-25 08:21:23",CP01_AC02_Buscar,88
"2025-02-25 08:21:24",CP02_AC01_NuevaMascota,88
"2025-02-25 08:21:24",CP01_AC01_Inventario,359
"2025-02-25 08:21:25",CP01_AC01_Inventario,362
"2025-02-25 08:21:26",CP02_AC01_NuevaMascota,97
"2025-02-25 08:21:26",CP02_AC01_NuevaMascota,105
"2025-02-25 08:21:27",CP01_AC01_Inventario,401
"2025-02-25 08:21:28",CP01_AC02_Buscar,91
"2025-02-25 08:21:28",CP02_AC01_NuevaMascota,102
"2025-02-25 08:21:29",CP01_AC02_Buscar,91
"2025-02-25 08:21:29",CP01_AC01_Inventario,365
"2025-02-25 08:21:30",CP01_AC02_Buscar,92
"2025-02-25 08:21:31",CP01_AC01_Inventario,385
"2025-02-25 08:21:31",CP01_AC01_Inventario,371
"2025-02-25 08:21:32",CP01_AC02_Buscar,98
"2025-02-25 08:21:33",CP02_AC01_NuevaMascota,91
"2025-02-25 08:21:33",CP01_AC01_Inventario,371
"2025-02-25 08:21:34",CP02_AC01_NuevaMascota,105
"2025-02-25 08:21:34",CP01_AC02_Buscar,91
"2025-02-25 08:21:35",CP02_AC01_NuevaMascota,107
"2025-02-25 08:21:36",CP01_AC02_Buscar,97
"2025-02-25 08:21:36",CP01_AC02_Buscar,90
"2025-02-25 08:21:37",CP02_AC01_NuevaMascota,101
"2025-02-25 08:21:38",CP01_AC01_Inventario,364
"2025-02-25 08:21:38",CP01_AC02_Buscar,91
"2025-02-25 08:21:39",CP02_AC01_NuevaMascota,105
"2025-02-25 08:21:39",CP01_AC01_Inventario,364
"2025-02-25 08:21:40",CP01_AC01_Inventario,380
"2025-02-25 08:21:41",CP02_AC01_NuevaMascota,107
"2025-02-25 08:21:41",CP02_AC01_NuevaMascota,110
"2025-02-25 08:21:42",CP01_AC01_Inventario,361
"2025-02-25 08:21:43",CP01_AC02_Buscar,92
"2025-02-25 08:21:43",CP02_AC01_NuevaMascota,106
"2025-02-25 08:21:44",CP01_AC01_Inventario,373
"2025-02-25 08:21:44",CP01_AC02_Buscar,90
"2025-02-25 08:21:45",CP01_AC02_Buscar,92
"2025-02-25 08:21:46",CP01_AC01_Inventario,361
"2025-02-25 08:21:46",CP01_AC01_Inventario,363
"2025-02-25 08:21:47",CP01_AC02_Buscar,97
"2025-02-25 08:21:48",CP02_AC01_NuevaMascota,105
"2025-02-25 08:21:48",CP01_AC01_Inventario,360
"2025-02-25 08:21:49",CP02_AC01_NuevaMascota,105
"2025-02-25 08:21:49",CP01_AC02_Buscar,89
"2025-02-25 08:21:50",CP02_AC01_NuevaMascota,106
"2025-02-25 08:21:51",CP01_AC02_Buscar,90
"2025-02-25 08:21:51",CP01_AC02_Buscar,91
"2025-02-25 08:21:52",CP02_AC01_NuevaMascota,106
"2025-02-25 08:21:53",CP01_AC01_Inventario,360
"2025-02-25 08:21:53",CP01_AC02_Buscar,90
"2025-02-25 08:21:54",CP02_AC01_NuevaMascota,95
"2025-02-25 08:21:54",CP01_AC01_Inventario,367
"2025-02-25 08:21:55",CP01_AC01_Inventario,374
"2025-02-25 08:21:56",CP02_AC01_NuevaMascota,98
"2025-02-25 08:21:56",CP02_AC01_NuevaMascota,103
"2025-02-25 08:21:57",CP01_AC01_Inventario,364
"2025-02-25 08:21:58",CP01_AC02_Buscar,90
"2025-02-25 08:21:58",CP02_AC01_NuevaMascota,100
"2025-02-25 08:21:59",CP01_AC02_Buscar,92
"2025-02-25 08:21:59",CP01_AC01_Inventario,374
"2025-02-25 08:22:00",CP01_AC02_Buscar,90
"2025-02-25 08:22:01",CP01_AC01_Inventario,368
"2025-02-25 08:22:01",CP01_AC01_Inventario,375
"2025-02-25 08:22:02",CP01_AC02_Buscar,93
"2025-02-25 08:22:03",CP02_AC01_NuevaMascota,109
"2025-02-25 08:22:03",CP01_AC01_Inventario,364
"2025-02-25 08:22:04",CP01_AC02_Buscar,90
"2025-02-25 08:22:04",CP02_AC01_NuevaMascota,97
"2025-02-25 08:22:05",CP02_AC01_NuevaMascota,98
"2025-02-25 08:22:06",CP01_AC02_Buscar,101
"2025-02-25 08:22:06",CP01_AC02_Buscar,91
"2025-02-25 08:22:07",CP02_AC01_NuevaMascota,133
"2025-02-25 08:22:08",CP01_AC01_Inventario,383
"2025-02-25 08:22:08",CP01_AC02_Buscar,89
"2025-02-25 08:22:09",CP02_AC01_NuevaMascota,97
"2025-02-25 08:22:09",CP01_AC01_Inventario,367
"2025-02-25 08:22:10",CP01_AC01_Inventario,370
"2025-02-25 08:22:11",CP02_AC01_NuevaMascota,94
"2025-02-25 08:22:11",CP02_AC01_NuevaMascota,106
"2025-02-25 08:22:12",CP01_AC01_Inventario,628
"2025-02-25 08:22:13",CP01_AC02_Buscar,90
"2025-02-25 08:22:13",CP02_AC01_NuevaMascota,109
"2025-02-25 08:22:14",CP01_AC02_Buscar,88
"2025-02-25 08:22:14",CP01_AC01_Inventario,392
"2025-02-25 08:22:15",CP01_AC02_Buscar,90
"2025-02-25 08:22:16",CP01_AC01_Inventario,360
"2025-02-25 08:22:16",CP01_AC01_Inventario,362
"2025-02-25 08:22:17",CP01_AC02_Buscar,89
"2025-02-25 08:22:18",CP02_AC01_NuevaMascota,90
"2025-02-25 08:22:18",CP01_AC01_Inventario,366
"2025-02-25 08:22:19",CP02_AC01_NuevaMascota,112
"2025-02-25 08:22:19",CP01_AC02_Buscar,90
"2025-02-25 08:22:20",CP02_AC01_NuevaMascota,101
"2025-02-25 08:22:21",CP01_AC02_Buscar,92
"2025-02-25 08:22:21",CP01_AC02_Buscar,90
"2025-02-25 08:22:22",CP02_AC01_NuevaMascota,104
"2025-02-25 08:22:23",CP01_AC01_Inventario,468
"2025-02-25 08:22:23",CP01_AC02_Buscar,90
"2025-02-25 08:22:24",CP02_AC01_NuevaMascota,96
"2025-02-25 08:22:24",CP01_AC01_Inventario,358
"2025-02-25 08:22:25",CP01_AC01_Inventario,368
"2025-02-25 08:22:26",CP02_AC01_NuevaMascota,97
"2025-02-25 08:22:26",CP02_AC01_NuevaMascota,110
"2025-02-25 08:22:27",CP01_AC01_Inventario,360
"2025-02-25 08:22:28",CP01_AC02_Buscar,89
"2025-02-25 08:22:28",CP02_AC01_NuevaMascota,106
"2025-02-25 08:22:29",CP01_AC01_Inventario,359
"2025-02-25 08:22:29",CP01_AC02_Buscar,90
"2025-02-25 08:22:30",CP01_AC02_Buscar,91
"2025-02-25 08:22:31",CP01_AC01_Inventario,368
"2025-02-25 08:22:31",CP01_AC01_Inventario,374
"2025-02-25 08:22:32",CP01_AC02_Buscar,92
"2025-02-25 08:22:33",CP02_AC01_NuevaMascota,108
"2025-02-25 08:22:33",CP01_AC01_Inventario,365
"2025-02-25 08:22:34",CP01_AC02_Buscar,88
"2025-02-25 08:22:34",CP02_AC01_NuevaMascota,104
"2025-02-25 08:22:35",CP02_AC01_NuevaMascota,103
"2025-02-25 08:22:36",CP01_AC02_Buscar,90
"2025-02-25 08:22:36",CP01_AC02_Buscar,91
"2025-02-25 08:22:37",CP02_AC01_NuevaMascota,103
"2025-02-25 08:22:38",CP01_AC01_Inventario,408
"2025-02-25 08:22:38",CP01_AC02_Buscar,91
"2025-02-25 08:22:39",CP02_AC01_NuevaMascota,100
"2025-02-25 08:22:39",CP01_AC01_Inventario,373
"2025-02-25 08:22:40",CP01_AC01_Inventario,361
"2025-02-25 08:22:41",CP02_AC01_NuevaMascota,108
"2025-02-25 08:22:41",CP02_AC01_NuevaMascota,114
"2025-02-25 08:22:42",CP01_AC01_Inventario,580
"2025-02-25 08:22:43",CP01_AC02_Buscar,100
"2025-02-25 08:22:43",CP02_AC01_NuevaMascota,145
"2025-02-25 08:22:44",CP01_AC02_Buscar,90
"2025-02-25 08:22:44",CP01_AC01_Inventario,428
"2025-02-25 08:22:45",CP01_AC02_Buscar,91
"2025-02-25 08:22:46",CP01_AC01_Inventario,379
"2025-02-25 08:22:46",CP01_AC01_Inventario,451
"2025-02-25 08:22:47",CP01_AC02_Buscar,94
"2025-02-25 08:22:48",CP02_AC01_NuevaMascota,121
"2025-02-25 08:22:48",CP01_AC01_Inventario,367
"2025-02-25 08:22:49",CP02_AC01_NuevaMascota,102
"2025-02-25 08:22:49",CP01_AC02_Buscar,105
"2025-02-25 08:22:50",CP02_AC01_NuevaMascota,114
"2025-02-25 08:22:51",CP01_AC02_Buscar,91
"2025-02-25 08:22:51",CP01_AC02_Buscar,105
"2025-02-25 08:22:52",CP02_AC01_NuevaMascota,100
"2025-02-25 08:22:53",CP01_AC01_Inventario,364
"2025-02-25 08:22:53",CP01_AC02_Buscar,88
"2025-02-25 08:22:54",CP02_AC01_NuevaMascota,111
"2025-02-25 08:22:54",CP01_AC01_Inventario,362
"2025-02-25 08:22:55",CP01_AC01_Inventario,362
"2025-02-25 08:22:56",CP02_AC01_NuevaMascota,105
"2025-02-25 08:22:56",CP02_AC01_NuevaMascota,105
"2025-02-25 08:22:57",CP01_AC01_Inventario,361
"2025-02-25 08:22:58",CP01_AC02_Buscar,90
"2025-02-25 08:22:58",CP01_AC01_Inventario,389
"2025-02-25 08:22:59",CP01_AC02_Buscar,90
"2025-02-25 08:22:59",CP01_AC01_Inventario,364
"2025-02-25 08:23:00",CP01_AC02_Buscar,90
"2025-02-25 08:23:01",CP01_AC01_Inventario,363
"2025-02-25 08:23:01",CP01_AC01_Inventario,360
"2025-02-25 08:23:02",CP01_AC02_Buscar,88
"2025-02-25 08:23:03",CP02_AC01_NuevaMascota,103
"2025-02-25 08:23:03",CP01_AC02_Buscar,88
"2025-02-25 08:23:04",CP01_AC02_Buscar,87
"2025-02-25 08:23:04",CP02_AC01_NuevaMascota,104
"2025-02-25 08:23:05",CP02_AC01_NuevaMascota,113
"2025-02-25 08:23:06",CP01_AC02_Buscar,94
"2025-02-25 08:23:06",CP01_AC02_Buscar,89
"2025-02-25 08:23:07",CP02_AC01_NuevaMascota,105
"2025-02-25 08:23:08",CP01_AC01_Inventario,369
"2025-02-25 08:23:08",CP02_AC01_NuevaMascota,97
"2025-02-25 08:23:09",CP02_AC01_NuevaMascota,105
"2025-02-25 08:23:09",CP01_AC01_Inventario,424
"2025-02-25 08:23:10",CP01_AC01_Inventario,362
"2025-02-25 08:23:11",CP02_AC01_NuevaMascota,107
"2025-02-25 08:23:11",CP02_AC01_NuevaMascota,109
"2025-02-25 08:23:12",CP01_AC01_Inventario,402
"2025-02-25 08:23:13",CP01_AC02_Buscar,92
"2025-02-25 08:23:13",CP01_AC01_Inventario,363
"2025-02-25 08:23:14",CP01_AC01_Inventario,361
"2025-02-25 08:23:14",CP01_AC02_Buscar,105
"2025-02-25 08:23:15",CP01_AC02_Buscar,90
"2025-02-25 08:23:16",CP01_AC01_Inventario,367
"2025-02-25 08:23:16",CP01_AC01_Inventario,371
"2025-02-25 08:23:17",CP01_AC02_Buscar,100
"2025-02-25 08:23:18",CP02_AC01_NuevaMascota,108
"2025-02-25 08:23:18",CP01_AC02_Buscar,92
"2025-02-25 08:23:19",CP02_AC01_NuevaMascota,107
"2025-02-25 08:23:19",CP01_AC02_Buscar,90
"2025-02-25 08:23:20",CP02_AC01_NuevaMascota,106
"2025-02-25 08:23:21",CP01_AC02_Buscar,95
"2025-02-25 08:23:21",CP01_AC02_Buscar,95
"2025-02-25 08:23:22",CP02_AC01_NuevaMascota,115
"2025-02-25 08:23:23",CP01_AC01_Inventario,382
"2025-02-25 08:23:23",CP02_AC01_NuevaMascota,100
"2025-02-25 08:23:24",CP02_AC01_NuevaMascota,108
"2025-02-25 08:23:24",CP01_AC01_Inventario,458
"2025-02-25 08:23:25",CP01_AC01_Inventario,423
"2025-02-25 08:23:26",CP02_AC01_NuevaMascota,100
"2025-02-25 08:23:26",CP02_AC01_NuevaMascota,99
"2025-02-25 08:23:27",CP01_AC01_Inventario,370
"2025-02-25 08:23:28",CP01_AC02_Buscar,91
"2025-02-25 08:23:28",CP01_AC01_Inventario,402
"2025-02-25 08:23:29",CP01_AC02_Buscar,93
"2025-02-25 08:23:29",CP01_AC01_Inventario,372
"2025-02-25 08:23:30",CP01_AC02_Buscar,107
"2025-02-25 08:23:31",CP01_AC01_Inventario,367
"2025-02-25 08:23:31",CP01_AC01_Inventario,405
"2025-02-25 08:23:32",CP01_AC02_Buscar,91
"2025-02-25 08:23:33",CP02_AC01_NuevaMascota,101
"2025-02-25 08:23:33",CP01_AC02_Buscar,93
"2025-02-25 08:23:34",CP02_AC01_NuevaMascota,98
"2025-02-25 08:23:34",CP01_AC02_Buscar,88
"2025-02-25 08:23:35",CP02_AC01_NuevaMascota,131
"2025-02-25 08:23:36",CP01_AC02_Buscar,90
"2025-02-25 08:23:36",CP01_AC02_Buscar,98
"2025-02-25 08:23:37",CP02_AC01_NuevaMascota,107
"2025-02-25 08:23:38",CP01_AC01_Inventario,372
"2025-02-25 08:23:38",CP02_AC01_NuevaMascota,99
"2025-02-25 08:23:39",CP02_AC01_NuevaMascota,107
"2025-02-25 08:23:39",CP01_AC01_Inventario,372
"2025-02-25 08:23:40",CP01_AC01_Inventario,399
"2025-02-25 08:23:41",CP02_AC01_NuevaMascota,99
"2025-02-25 08:23:41",CP01_AC01_Inventario,365
"2025-02-25 08:23:42",CP01_AC01_Inventario,362
"2025-02-25 08:23:43",CP01_AC02_Buscar,93
"2025-02-25 08:23:43",CP01_AC01_Inventario,381
"2025-02-25 08:23:44",CP01_AC02_Buscar,91
"2025-02-25 08:23:44",CP01_AC01_Inventario,363
"2025-02-25 08:23:45",CP01_AC02_Buscar,100
"2025-02-25 08:23:46",CP01_AC01_Inventario,365
"2025-02-25 08:23:46",CP01_AC02_Buscar,89
"2025-02-25 08:23:47",CP01_AC02_Buscar,89
"2025-02-25 08:23:48",CP02_AC01_NuevaMascota,101
"2025-02-25 08:23:48",CP01_AC02_Buscar,91
"2025-02-25 08:23:49",CP02_AC01_NuevaMascota,97
"2025-02-25 08:23:49",CP01_AC02_Buscar,90
"2025-02-25 08:23:50",CP02_AC01_NuevaMascota,98
"2025-02-25 08:23:51",CP01_AC02_Buscar,90
"2025-02-25 08:23:51",CP01_AC01_Inventario,360
"2025-02-25 08:23:52",CP02_AC01_NuevaMascota,97
"2025-02-25 08:23:53",CP01_AC01_Inventario,368
"2025-02-25 08:23:53",CP02_AC01_NuevaMascota,107
"2025-02-25 08:23:54",CP02_AC01_NuevaMascota,100
"2025-02-25 08:23:54",CP01_AC01_Inventario,361
"2025-02-25 08:23:55",CP01_AC01_Inventario,408
"2025-02-25 08:23:56",CP02_AC01_NuevaMascota,106
"2025-02-25 08:23:56",CP01_AC02_Buscar,91
"2025-02-25 08:23:57",CP01_AC01_Inventario,361
"2025-02-25 08:23:58",CP01_AC02_Buscar,93
"2025-02-25 08:23:58",CP01_AC01_Inventario,374
"2025-02-25 08:23:59",CP01_AC01_Inventario,423
"2025-02-25 08:23:59",CP01_AC02_Buscar,88
"2025-02-25 08:24:00",CP01_AC02_Buscar,100
"2025-02-25 08:24:01",CP01_AC01_Inventario,422
"2025-02-25 08:24:01",CP02_AC01_NuevaMascota,99
"2025-02-25 08:24:02",CP01_AC01_Inventario,375
"2025-02-25 08:24:03",CP02_AC01_NuevaMascota,105
"2025-02-25 08:24:03",CP01_AC02_Buscar,89
"2025-02-25 08:24:04",CP01_AC02_Buscar,92
"2025-02-25 08:24:04",CP02_AC01_NuevaMascota,107
"2025-02-25 08:24:05",CP02_AC01_NuevaMascota,101
"2025-02-25 08:24:06",CP01_AC02_Buscar,97
"2025-02-25 08:24:06",CP01_AC01_Inventario,366
"2025-02-25 08:24:07",CP01_AC02_Buscar,93
"2025-02-25 08:24:08",CP01_AC01_Inventario,409
"2025-02-25 08:24:08",CP02_AC01_NuevaMascota,106
"2025-02-25 08:24:09",CP02_AC01_NuevaMascota,99
"2025-02-25 08:24:09",CP01_AC01_Inventario,365
"2025-02-25 08:24:10",CP01_AC01_Inventario,363
"2025-02-25 08:24:11",CP02_AC01_NuevaMascota,117
"2025-02-25 08:24:11",CP01_AC02_Buscar,93
"2025-02-25 08:24:12",CP02_AC01_NuevaMascota,105
"2025-02-25 08:24:13",CP01_AC02_Buscar,98
"2025-02-25 08:24:13",CP01_AC01_Inventario,387
"2025-02-25 08:24:14",CP01_AC01_Inventario,365
"2025-02-25 08:24:14",CP01_AC02_Buscar,92
"2025-02-25 08:24:15",CP01_AC02_Buscar,91
"2025-02-25 08:24:16",CP01_AC01_Inventario,429
"2025-02-25 08:24:16",CP02_AC01_NuevaMascota,99
"2025-02-25 08:24:17",CP01_AC01_Inventario,360
"2025-02-25 08:24:18",CP02_AC01_NuevaMascota,108
"2025-02-25 08:24:18",CP01_AC02_Buscar,88
"2025-02-25 08:24:19",CP01_AC02_Buscar,89
"2025-02-25 08:24:19",CP02_AC01_NuevaMascota,102
"2025-02-25 08:24:20",CP02_AC01_NuevaMascota,101
"2025-02-25 08:24:21",CP01_AC02_Buscar,105
"2025-02-25 08:24:21",CP01_AC01_Inventario,402
"2025-02-25 08:24:22",CP01_AC02_Buscar,90
"2025-02-25 08:24:23",CP01_AC01_Inventario,363
"2025-02-25 08:24:23",CP02_AC01_NuevaMascota,107
"2025-02-25 08:24:24",CP02_AC01_NuevaMascota,98
"2025-02-25 08:24:24",CP01_AC01_Inventario,364
"2025-02-25 08:24:25",CP01_AC01_Inventario,486
"2025-02-25 08:24:26",CP02_AC01_NuevaMascota,107
"2025-02-25 08:24:26",CP01_AC02_Buscar,99
"2025-02-25 08:24:27",CP02_AC01_NuevaMascota,98
"2025-02-25 08:24:28",CP01_AC02_Buscar,93
"2025-02-25 08:24:28",CP01_AC01_Inventario,369
"2025-02-25 08:24:29",CP01_AC01_Inventario,412
"2025-02-25 08:24:29",CP01_AC02_Buscar,89
"2025-02-25 08:24:30",CP01_AC02_Buscar,92
"2025-02-25 08:24:31",CP01_AC01_Inventario,373
"2025-02-25 08:24:31",CP02_AC01_NuevaMascota,118
"2025-02-25 08:24:32",CP01_AC01_Inventario,374
"2025-02-25 08:24:33",CP02_AC01_NuevaMascota,106
"2025-02-25 08:24:33",CP01_AC02_Buscar,89
"2025-02-25 08:24:34",CP02_AC01_NuevaMascota,100
"2025-02-25 08:24:34",CP01_AC02_Buscar,100
"2025-02-25 08:24:35",CP02_AC01_NuevaMascota,107
"2025-02-25 08:24:36",CP01_AC02_Buscar,91
"2025-02-25 08:24:36",CP01_AC01_Inventario,360
"2025-02-25 08:24:37",CP01_AC02_Buscar,91
"2025-02-25 08:24:38",CP01_AC01_Inventario,378
"2025-02-25 08:24:38",CP02_AC01_NuevaMascota,100
"2025-02-25 08:24:39",CP02_AC01_NuevaMascota,109
"2025-02-25 08:24:39",CP01_AC01_Inventario,423
"2025-02-25 08:24:40",CP01_AC01_Inventario,382
"2025-02-25 08:24:41",CP01_AC01_Inventario,361
"2025-02-25 08:24:41",CP01_AC02_Buscar,90
"2025-02-25 08:24:42",CP02_AC01_NuevaMascota,100
"2025-02-25 08:24:43",CP01_AC02_Buscar,93
"2025-02-25 08:24:43",CP01_AC01_Inventario,425
"2025-02-25 08:24:44",CP01_AC02_Buscar,121
"2025-02-25 08:24:44",CP01_AC01_Inventario,423
"2025-02-25 08:24:45",CP01_AC02_Buscar,91
"2025-02-25 08:24:46",CP01_AC02_Buscar,90
"2025-02-25 08:24:46",CP02_AC01_NuevaMascota,110
"2025-02-25 08:24:47",CP01_AC01_Inventario,365
"2025-02-25 08:24:48",CP02_AC01_NuevaMascota,105
"2025-02-25 08:24:48",CP01_AC02_Buscar,100
"2025-02-25 08:24:49",CP02_AC01_NuevaMascota,105
"2025-02-25 08:24:49",CP01_AC02_Buscar,99
"2025-02-25 08:24:50",CP02_AC01_NuevaMascota,99
"2025-02-25 08:24:51",CP02_AC01_NuevaMascota,96
"2025-02-25 08:24:51",CP01_AC01_Inventario,423
"2025-02-25 08:24:52",CP01_AC02_Buscar,89
"2025-02-25 08:24:53",CP01_AC01_Inventario,582
"2025-02-25 08:24:53",CP02_AC01_NuevaMascota,106
"2025-02-25 08:24:54",CP02_AC01_NuevaMascota,155
"2025-02-25 08:24:54",CP01_AC01_Inventario,441
"2025-02-25 08:24:55",CP01_AC01_Inventario,471
"2025-02-25 08:24:56",CP01_AC01_Inventario,455
"2025-02-25 08:24:56",CP01_AC02_Buscar,105
"2025-02-25 08:24:57",CP02_AC01_NuevaMascota,110
"2025-02-25 08:24:58",CP01_AC02_Buscar,87
"2025-02-25 08:24:58",CP01_AC01_Inventario,363
"2025-02-25 08:24:59",CP01_AC02_Buscar,89
"2025-02-25 08:24:59",CP01_AC01_Inventario,405
"2025-02-25 08:25:00",CP01_AC02_Buscar,94
"2025-02-25 08:25:01",CP01_AC02_Buscar,91
"2025-02-25 08:25:01",CP02_AC01_NuevaMascota,121
"2025-02-25 08:25:02",CP01_AC01_Inventario,364
"2025-02-25 08:25:03",CP02_AC01_NuevaMascota,105
"2025-02-25 08:25:03",CP01_AC02_Buscar,96
"2025-02-25 08:25:04",CP02_AC01_NuevaMascota,109
"2025-02-25 08:25:04",CP01_AC02_Buscar,99
"2025-02-25 08:25:05",CP02_AC01_NuevaMascota,102
"2025-02-25 08:25:06",CP02_AC01_NuevaMascota,108
"2025-02-25 08:25:06",CP01_AC01_Inventario,360
"2025-02-25 08:25:07",CP01_AC02_Buscar,91
"2025-02-25 08:25:08",CP01_AC01_Inventario,364
"2025-02-25 08:25:08",CP02_AC01_NuevaMascota,112
"2025-02-25 08:25:09",CP02_AC01_NuevaMascota,98
"2025-02-25 08:25:09",CP01_AC01_Inventario,359
"2025-02-25 08:25:10",CP01_AC01_Inventario,361
"2025-02-25 08:25:11",CP01_AC01_Inventario,370
"2025-02-25 08:25:11",CP01_AC02_Buscar,93
"2025-02-25 08:25:12",CP02_AC01_NuevaMascota,90
"2025-02-25 08:25:13",CP01_AC02_Buscar,91
"2025-02-25 08:25:13",CP01_AC01_Inventario,364
"2025-02-25 08:25:14",CP01_AC02_Buscar,91
"2025-02-25 08:25:14",CP01_AC01_Inventario,360
"2025-02-25 08:25:15",CP01_AC02_Buscar,92
"2025-02-25 08:25:16",CP01_AC02_Buscar,90
"2025-02-25 08:25:16",CP02_AC01_NuevaMascota,91
"2025-02-25 08:25:17",CP01_AC01_Inventario,365
"2025-02-25 08:25:18",CP02_AC01_NuevaMascota,90
"2025-02-25 08:25:18",CP01_AC02_Buscar,89
"2025-02-25 08:25:19",CP01_AC02_Buscar,93
"2025-02-25 08:25:19",CP02_AC01_NuevaMascota,111
"2025-02-25 08:25:20",CP02_AC01_NuevaMascota,99
"2025-02-25 08:25:21",CP02_AC01_NuevaMascota,107
"2025-02-25 08:25:21",CP01_AC01_Inventario,386
"2025-02-25 08:25:22",CP01_AC02_Buscar,89
"2025-02-25 08:25:23",CP01_AC01_Inventario,410
"2025-02-25 08:25:23",CP02_AC01_NuevaMascota,97
"2025-02-25 08:25:24",CP02_AC01_NuevaMascota,101
"2025-02-25 08:25:24",CP01_AC01_Inventario,363
"2025-02-25 08:25:25",CP01_AC01_Inventario,368
"2025-02-25 08:25:26",CP01_AC01_Inventario,457
"2025-02-25 08:25:26",CP01_AC02_Buscar,90
"2025-02-25 08:25:27",CP02_AC01_NuevaMascota,107
"2025-02-25 08:25:28",CP01_AC02_Buscar,97
"2025-02-25 08:25:28",CP01_AC01_Inventario,364
"2025-02-25 08:25:29",CP01_AC01_Inventario,402
"2025-02-25 08:25:29",CP01_AC02_Buscar,91
"2025-02-25 08:25:30",CP01_AC02_Buscar,91
"2025-02-25 08:25:31",CP01_AC02_Buscar,88
"2025-02-25 08:25:31",CP02_AC01_NuevaMascota,107
"2025-02-25 08:25:32",CP01_AC01_Inventario,363
"2025-02-25 08:25:33",CP02_AC01_NuevaMascota,117
"2025-02-25 08:25:33",CP01_AC02_Buscar,93
"2025-02-25 08:25:34",CP02_AC01_NuevaMascota,99
"2025-02-25 08:25:34",CP01_AC02_Buscar,102
"2025-02-25 08:25:35",CP02_AC01_NuevaMascota,108
"2025-02-25 08:25:36",CP02_AC01_NuevaMascota,109
"2025-02-25 08:25:36",CP01_AC01_Inventario,361
"2025-02-25 08:25:37",CP01_AC02_Buscar,94
"2025-02-25 08:25:38",CP01_AC01_Inventario,394
"2025-02-25 08:25:38",CP02_AC01_NuevaMascota,115
"2025-02-25 08:25:39",CP01_AC01_Inventario,423
"2025-02-25 08:25:39",CP01_AC01_Inventario,363
"2025-02-25 08:25:40",CP01_AC01_Inventario,363
"2025-02-25 08:25:41",CP01_AC01_Inventario,365
"2025-02-25 08:25:41",CP01_AC02_Buscar,92
"2025-02-25 08:25:42",CP02_AC01_NuevaMascota,90
"2025-02-25 08:25:43",CP01_AC02_Buscar,97
"2025-02-25 08:25:43",CP01_AC01_Inventario,363
"2025-02-25 08:25:44",CP01_AC02_Buscar,137
"2025-02-25 08:25:44",CP01_AC02_Buscar,105
"2025-02-25 08:25:45",CP01_AC02_Buscar,90
"2025-02-25 08:25:46",CP01_AC02_Buscar,92
"2025-02-25 08:25:46",CP02_AC01_NuevaMascota,107
"2025-02-25 08:25:47",CP01_AC01_Inventario,363
"2025-02-25 08:25:48",CP02_AC01_NuevaMascota,109
"2025-02-25 08:25:48",CP01_AC02_Buscar,90
"2025-02-25 08:25:49",CP02_AC01_NuevaMascota,107
"2025-02-25 08:25:49",CP02_AC01_NuevaMascota,90
"2025-02-25 08:25:50",CP02_AC01_NuevaMascota,105
"2025-02-25 08:25:51",CP02_AC01_NuevaMascota,106
"2025-02-25 08:25:51",CP01_AC01_Inventario,361
"2025-02-25 08:25:52",CP01_AC02_Buscar,89
"2025-02-25 08:25:53",CP01_AC01_Inventario,367
"2025-02-25 08:25:53",CP02_AC01_NuevaMascota,107
"2025-02-25 08:25:54",CP01_AC01_Inventario,368
"2025-02-25 08:25:54",CP01_AC01_Inventario,362
"2025-02-25 08:25:55",CP01_AC01_Inventario,828
"2025-02-25 08:25:56",CP01_AC01_Inventario,361
"2025-02-25 08:25:56",CP01_AC02_Buscar,92
"2025-02-25 08:25:57",CP02_AC01_NuevaMascota,98
"2025-02-25 08:25:58",CP01_AC02_Buscar,90
"2025-02-25 08:25:58",CP01_AC01_Inventario,402
"2025-02-25 08:25:59",CP01_AC02_Buscar,90
"2025-02-25 08:25:59",CP01_AC02_Buscar,91
"2025-02-25 08:26:00",CP01_AC02_Buscar,130
"2025-02-25 08:26:01",CP01_AC02_Buscar,95
"2025-02-25 08:26:01",CP02_AC01_NuevaMascota,96
"2025-02-25 08:26:02",CP01_AC01_Inventario,358
"2025-02-25 08:26:03",CP02_AC01_NuevaMascota,110
"2025-02-25 08:26:03",CP01_AC02_Buscar,99
"2025-02-25 08:26:04",CP02_AC01_NuevaMascota,101
"2025-02-25 08:26:04",CP02_AC01_NuevaMascota,103
"2025-02-25 08:26:05",CP02_AC01_NuevaMascota,140
"2025-02-25 08:26:06",CP02_AC01_NuevaMascota,100
"2025-02-25 08:26:06",CP01_AC01_Inventario,365
"2025-02-25 08:26:07",CP01_AC02_Buscar,90
"2025-02-25 08:26:08",CP01_AC01_Inventario,357
"2025-02-25 08:26:08",CP02_AC01_NuevaMascota,99
"2025-02-25 08:26:09",CP01_AC01_Inventario,361
"2025-02-25 08:26:09",CP01_AC01_Inventario,363
"2025-02-25 08:26:10",CP01_AC01_Inventario,399
"2025-02-25 08:26:11",CP01_AC01_Inventario,360
"2025-02-25 08:26:11",CP01_AC02_Buscar,89
"2025-02-25 08:26:12",CP02_AC01_NuevaMascota,105
"2025-02-25 08:26:13",CP01_AC02_Buscar,94
"2025-02-25 08:26:13",CP01_AC01_Inventario,360
"2025-02-25 08:26:14",CP01_AC02_Buscar,89
"2025-02-25 08:26:14",CP01_AC02_Buscar,90
"2025-02-25 08:26:15",CP01_AC02_Buscar,104
"2025-02-25 08:26:16",CP01_AC02_Buscar,90
"2025-02-25 08:26:16",CP02_AC01_NuevaMascota,104
"2025-02-25 08:26:17",CP01_AC01_Inventario,361
"2025-02-25 08:26:18",CP02_AC01_NuevaMascota,104
"2025-02-25 08:26:18",CP01_AC02_Buscar,92
"2025-02-25 08:26:19",CP02_AC01_NuevaMascota,104
"2025-02-25 08:26:19",CP02_AC01_NuevaMascota,100
"2025-02-25 08:26:20",CP02_AC01_NuevaMascota,99
"2025-02-25 08:26:21",CP02_AC01_NuevaMascota,98
"2025-02-25 08:26:21",CP01_AC01_Inventario,370
"2025-02-25 08:26:22",CP01_AC02_Buscar,89
"2025-02-25 08:26:23",CP01_AC01_Inventario,364
"2025-02-25 08:26:23",CP02_AC01_NuevaMascota,113
"2025-02-25 08:26:24",CP01_AC01_Inventario,363
"2025-02-25 08:26:24",CP01_AC01_Inventario,369
"2025-02-25 08:26:25",CP01_AC01_Inventario,368
"2025-02-25 08:26:26",CP01_AC01_Inventario,363
"2025-02-25 08:26:26",CP01_AC02_Buscar,90
"2025-02-25 08:26:27",CP02_AC01_NuevaMascota,107
"2025-02-25 08:26:28",CP01_AC02_Buscar,97
"2025-02-25 08:26:28",CP01_AC01_Inventario,368
"2025-02-25 08:26:29",CP01_AC02_Buscar,90
"2025-02-25 08:26:29",CP01_AC02_Buscar,91
"2025-02-25 08:26:30",CP01_AC02_Buscar,90
"2025-02-25 08:26:31",CP01_AC02_Buscar,94
"2025-02-25 08:26:31",CP02_AC01_NuevaMascota,103
"2025-02-25 08:26:32",CP01_AC01_Inventario,571
"2025-02-25 08:26:33",CP02_AC01_NuevaMascota,111
"2025-02-25 08:26:33",CP01_AC02_Buscar,92
"2025-02-25 08:26:34",CP02_AC01_NuevaMascota,98
"2025-02-25 08:26:34",CP02_AC01_NuevaMascota,98
"2025-02-25 08:26:35",CP02_AC01_NuevaMascota,96
"2025-02-25 08:26:36",CP02_AC01_NuevaMascota,111
"2025-02-25 08:26:36",CP01_AC01_Inventario,359
"2025-02-25 08:26:37",CP01_AC02_Buscar,90
"2025-02-25 08:26:38",CP01_AC01_Inventario,359
"2025-02-25 08:26:38",CP02_AC01_NuevaMascota,107
"2025-02-25 08:26:39",CP01_AC01_Inventario,364
"2025-02-25 08:26:39",CP01_AC01_Inventario,431
"2025-02-25 08:26:40",CP01_AC01_Inventario,383
"2025-02-25 08:26:41",CP01_AC01_Inventario,375
"2025-02-25 08:26:41",CP01_AC02_Buscar,91
"2025-02-25 08:26:42",CP02_AC01_NuevaMascota,106
"2025-02-25 08:26:43",CP01_AC02_Buscar,89
"2025-02-25 08:26:43",CP01_AC01_Inventario,364
"2025-02-25 08:26:44",CP01_AC02_Buscar,94
"2025-02-25 08:26:44",CP01_AC02_Buscar,107
"2025-02-25 08:26:45",CP01_AC02_Buscar,89
"2025-02-25 08:26:46",CP01_AC02_Buscar,90
"2025-02-25 08:26:46",CP02_AC01_NuevaMascota,99
"2025-02-25 08:26:47",CP01_AC01_Inventario,366
"2025-02-25 08:26:48",CP02_AC01_NuevaMascota,103
"2025-02-25 08:26:48",CP01_AC02_Buscar,90
"2025-02-25 08:26:49",CP02_AC01_NuevaMascota,104
"2025-02-25 08:26:49",CP02_AC01_NuevaMascota,119
"2025-02-25 08:26:50",CP02_AC01_NuevaMascota,108
"2025-02-25 08:26:51",CP02_AC01_NuevaMascota,107
"2025-02-25 08:26:51",CP01_AC01_Inventario,421
"2025-02-25 08:26:52",CP01_AC02_Buscar,89
"2025-02-25 08:26:53",CP01_AC01_Inventario,432
"2025-02-25 08:26:53",CP02_AC01_NuevaMascota,108
"2025-02-25 08:26:54",CP01_AC01_Inventario,360
"2025-02-25 08:26:54",CP01_AC01_Inventario,367
"2025-02-25 08:26:55",CP01_AC01_Inventario,373
"2025-02-25 08:26:56",CP01_AC01_Inventario,377
"2025-02-25 08:26:56",CP01_AC02_Buscar,106
"2025-02-25 08:26:57",CP02_AC01_NuevaMascota,99
"2025-02-25 08:26:58",CP01_AC02_Buscar,106
"2025-02-25 08:26:58",CP01_AC01_Inventario,358
"2025-02-25 08:26:59",CP01_AC02_Buscar,88
"2025-02-25 08:26:59",CP01_AC02_Buscar,90
"2025-02-25 08:27:00",CP01_AC02_Buscar,92
"2025-02-25 08:27:01",CP01_AC02_Buscar,106
"2025-02-25 08:27:01",CP02_AC01_NuevaMascota,104
"2025-02-25 08:27:02",CP01_AC01_Inventario,361
"2025-02-25 08:27:03",CP02_AC01_NuevaMascota,107
"2025-02-25 08:27:03",CP01_AC02_Buscar,89
"2025-02-25 08:27:04",CP02_AC01_NuevaMascota,101
"2025-02-25 08:27:04",CP01_AC01_Inventario,396
"2025-02-25 08:27:05",CP02_AC01_NuevaMascota,92
"2025-02-25 08:27:06",CP02_AC01_NuevaMascota,91
"2025-02-25 08:27:06",CP01_AC01_Inventario,360
"2025-02-25 08:27:07",CP01_AC02_Buscar,91
"2025-02-25 08:27:08",CP01_AC01_Inventario,358
"2025-02-25 08:27:08",CP02_AC01_NuevaMascota,99
"2025-02-25 08:27:09",CP01_AC01_Inventario,367
"2025-02-25 08:27:09",CP01_AC02_Buscar,88
"2025-02-25 08:27:10",CP01_AC01_Inventario,367
"2025-02-25 08:27:11",CP01_AC01_Inventario,361
"2025-02-25 08:27:11",CP01_AC02_Buscar,90
"2025-02-25 08:27:12",CP02_AC01_NuevaMascota,89
"2025-02-25 08:27:13",CP01_AC02_Buscar,91
"2025-02-25 08:27:13",CP01_AC01_Inventario,373
"2025-02-25 08:27:14",CP01_AC02_Buscar,90
"2025-02-25 08:27:14",CP02_AC01_NuevaMascota,105
"2025-02-25 08:27:15",CP01_AC02_Buscar,90
"2025-02-25 08:27:16",CP01_AC02_Buscar,89
"2025-02-25 08:27:16",CP02_AC01_NuevaMascota,99
"2025-02-25 08:27:17",CP01_AC01_Inventario,370
"2025-02-25 08:27:18",CP02_AC01_NuevaMascota,103
"2025-02-25 08:27:18",CP01_AC02_Buscar,92
"2025-02-25 08:27:19",CP02_AC01_NuevaMascota,102
"2025-02-25 08:27:19",CP01_AC01_Inventario,398
"2025-02-25 08:27:20",CP02_AC01_NuevaMascota,103
"2025-02-25 08:27:21",CP02_AC01_NuevaMascota,106
"2025-02-25 08:27:21",CP01_AC01_Inventario,422
"2025-02-25 08:27:22",CP01_AC02_Buscar,89
"2025-02-25 08:27:23",CP01_AC01_Inventario,365
"2025-02-25 08:27:23",CP02_AC01_NuevaMascota,106
"2025-02-25 08:27:24",CP01_AC02_Buscar,99
"2025-02-25 08:27:24",CP01_AC01_Inventario,362
"2025-02-25 08:27:25",CP01_AC01_Inventario,429
"2025-02-25 08:27:26",CP01_AC01_Inventario,363
"2025-02-25 08:27:26",CP01_AC02_Buscar,106
"2025-02-25 08:27:27",CP02_AC01_NuevaMascota,99
"2025-02-25 08:27:28",CP01_AC02_Buscar,89
"2025-02-25 08:27:28",CP01_AC01_Inventario,363
"2025-02-25 08:27:29",CP02_AC01_NuevaMascota,105
"2025-02-25 08:27:29",CP01_AC02_Buscar,89
"2025-02-25 08:27:30",CP01_AC02_Buscar,104
"2025-02-25 08:27:31",CP01_AC02_Buscar,88
"2025-02-25 08:27:31",CP02_AC01_NuevaMascota,122
"2025-02-25 08:27:32",CP01_AC01_Inventario,380
"2025-02-25 08:27:33",CP02_AC01_NuevaMascota,92
"2025-02-25 08:27:33",CP01_AC02_Buscar,93
"2025-02-25 08:27:34",CP02_AC01_NuevaMascota,98
"2025-02-25 08:27:34",CP01_AC01_Inventario,364
"2025-02-25 08:27:35",CP02_AC01_NuevaMascota,105
"2025-02-25 08:27:36",CP02_AC01_NuevaMascota,128
"2025-02-25 08:27:36",CP01_AC01_Inventario,470
"2025-02-25 08:27:37",CP01_AC02_Buscar,92
"2025-02-25 08:27:38",CP01_AC01_Inventario,389
"2025-02-25 08:27:38",CP02_AC01_NuevaMascota,92
"2025-02-25 08:27:39",CP01_AC02_Buscar,90
"2025-02-25 08:27:39",CP01_AC01_Inventario,430
"2025-02-25 08:27:40",CP01_AC01_Inventario,359
"2025-02-25 08:27:41",CP01_AC01_Inventario,361
"2025-02-25 08:27:41",CP01_AC02_Buscar,89
"2025-02-25 08:27:42",CP02_AC01_NuevaMascota,92
"2025-02-25 08:27:43",CP01_AC02_Buscar,98
"2025-02-25 08:27:43",CP01_AC01_Inventario,361
"2025-02-25 08:27:44",CP01_AC02_Buscar,103
"2025-02-25 08:27:44",CP02_AC01_NuevaMascota,90
"2025-02-25 08:27:45",CP01_AC02_Buscar,92
"2025-02-25 08:27:46",CP01_AC02_Buscar,90
"2025-02-25 08:27:46",CP02_AC01_NuevaMascota,91
"2025-02-25 08:27:47",CP01_AC01_Inventario,394
"2025-02-25 08:27:48",CP02_AC01_NuevaMascota,101
"2025-02-25 08:27:48",CP01_AC02_Buscar,91
"2025-02-25 08:27:49",CP02_AC01_NuevaMascota,107
"2025-02-25 08:27:49",CP01_AC01_Inventario,354
"2025-02-25 08:27:50",CP02_AC01_NuevaMascota,90
"2025-02-25 08:27:51",CP02_AC01_NuevaMascota,97
"2025-02-25 08:27:51",CP01_AC01_Inventario,365
"2025-02-25 08:27:52",CP01_AC02_Buscar,101
"2025-02-25 08:27:53",CP01_AC01_Inventario,365
"2025-02-25 08:27:53",CP02_AC01_NuevaMascota,100
"2025-02-25 08:27:54",CP01_AC02_Buscar,91
"2025-02-25 08:27:54",CP01_AC01_Inventario,372
"2025-02-25 08:27:55",CP01_AC01_Inventario,361
"2025-02-25 08:27:56",CP01_AC01_Inventario,360
"2025-02-25 08:27:56",CP01_AC02_Buscar,90
"2025-02-25 08:27:57",CP02_AC01_NuevaMascota,114
"2025-02-25 08:27:58",CP01_AC02_Buscar,90
"2025-02-25 08:27:58",CP01_AC01_Inventario,360
"2025-02-25 08:27:59",CP01_AC02_Buscar,91
"2025-02-25 08:27:59",CP02_AC01_NuevaMascota,98
"2025-02-25 08:28:00",CP01_AC02_Buscar,89
"2025-02-25 08:28:01",CP01_AC02_Buscar,94
"2025-02-25 08:28:01",CP02_AC01_NuevaMascota,99
"2025-02-25 08:28:02",CP01_AC01_Inventario,376
"2025-02-25 08:28:03",CP02_AC01_NuevaMascota,112
"2025-02-25 08:28:03",CP01_AC02_Buscar,90
"2025-02-25 08:28:04",CP02_AC01_NuevaMascota,98
"2025-02-25 08:28:04",CP01_AC01_Inventario,362
"2025-02-25 08:28:05",CP02_AC01_NuevaMascota,106
"2025-02-25 08:28:06",CP02_AC01_NuevaMascota,101
"2025-02-25 08:28:06",CP01_AC01_Inventario,399
"2025-02-25 08:28:07",CP01_AC02_Buscar,88
"2025-02-25 08:28:08",CP01_AC01_Inventario,400
"2025-02-25 08:28:08",CP02_AC01_NuevaMascota,100
"2025-02-25 08:28:09",CP01_AC02_Buscar,90
"2025-02-25 08:28:09",CP01_AC01_Inventario,361
"2025-02-25 08:28:10",CP01_AC01_Inventario,362
"2025-02-25 08:28:11",CP01_AC01_Inventario,361
"2025-02-25 08:28:11",CP01_AC02_Buscar,109
"2025-02-25 08:28:12",CP02_AC01_NuevaMascota,98
"2025-02-25 08:28:13",CP01_AC02_Buscar,92
"2025-02-25 08:28:13",CP01_AC01_Inventario,360
"2025-02-25 08:28:14",CP01_AC02_Buscar,94
"2025-02-25 08:28:14",CP02_AC01_NuevaMascota,97
"2025-02-25 08:28:15",CP01_AC02_Buscar,88
"2025-02-25 08:28:16",CP01_AC02_Buscar,90
"2025-02-25 08:28:16",CP02_AC01_NuevaMascota,90
"2025-02-25 08:28:17",CP01_AC01_Inventario,357
"2025-02-25 08:28:18",CP02_AC01_NuevaMascota,105
"2025-02-25 08:28:18",CP01_AC02_Buscar,93
"2025-02-25 08:28:19",CP02_AC01_NuevaMascota,98
"2025-02-25 08:28:19",CP01_AC01_Inventario,405
"2025-02-25 08:28:20",CP02_AC01_NuevaMascota,96
"2025-02-25 08:28:21",CP02_AC01_NuevaMascota,106
"2025-02-25 08:28:21",CP01_AC01_Inventario,365
"2025-02-25 08:28:22",CP01_AC02_Buscar,91
"2025-02-25 08:28:23",CP01_AC01_Inventario,362
"2025-02-25 08:28:23",CP02_AC01_NuevaMascota,106
"2025-02-25 08:28:24",CP01_AC01_Inventario,363
"2025-02-25 08:28:24",CP01_AC02_Buscar,100
"2025-02-25 08:28:25",CP01_AC01_Inventario,358
"2025-02-25 08:28:26",CP01_AC01_Inventario,409
"2025-02-25 08:28:26",CP01_AC02_Buscar,92
"2025-02-25 08:28:27",CP02_AC01_NuevaMascota,105
"2025-02-25 08:28:28",CP01_AC02_Buscar,88
"2025-02-25 08:28:28",CP01_AC01_Inventario,367
"2025-02-25 08:28:29",CP02_AC01_NuevaMascota,101
"2025-02-25 08:28:29",CP01_AC02_Buscar,92
"2025-02-25 08:28:30",CP01_AC02_Buscar,89
"2025-02-25 08:28:31",CP01_AC02_Buscar,102
"2025-02-25 08:28:31",CP02_AC01_NuevaMascota,107
"2025-02-25 08:28:32",CP01_AC01_Inventario,363
"2025-02-25 08:28:33",CP02_AC01_NuevaMascota,110
"2025-02-25 08:28:33",CP01_AC02_Buscar,90
"2025-02-25 08:28:34",CP02_AC01_NuevaMascota,104
"2025-02-25 08:28:34",CP01_AC01_Inventario,364
"2025-02-25 08:28:35",CP02_AC01_NuevaMascota,103
"2025-02-25 08:28:36",CP02_AC01_NuevaMascota,100
"2025-02-25 08:28:36",CP01_AC01_Inventario,363
"2025-02-25 08:28:37",CP01_AC02_Buscar,90
"2025-02-25 08:28:38",CP01_AC01_Inventario,361
"2025-02-25 08:28:38",CP02_AC01_NuevaMascota,105
"2025-02-25 08:28:39",CP01_AC01_Inventario,472
"2025-02-25 08:28:39",CP01_AC02_Buscar,88
"2025-02-25 08:28:40",CP01_AC01_Inventario,390
"2025-02-25 08:28:41",CP01_AC01_Inventario,358
"2025-02-25 08:28:41",CP01_AC02_Buscar,89
"2025-02-25 08:28:42",CP02_AC01_NuevaMascota,102
"2025-02-25 08:28:43",CP01_AC02_Buscar,90
"2025-02-25 08:28:43",CP01_AC01_Inventario,359
"2025-02-25 08:28:44",CP02_AC01_NuevaMascota,107
"2025-02-25 08:28:44",CP01_AC02_Buscar,89
"2025-02-25 08:28:45",CP01_AC02_Buscar,92
"2025-02-25 08:28:46",CP01_AC02_Buscar,91
"2025-02-25 08:28:46",CP02_AC01_NuevaMascota,104
"2025-02-25 08:28:47",CP01_AC01_Inventario,369
"2025-02-25 08:28:48",CP02_AC01_NuevaMascota,106
"2025-02-25 08:28:48",CP01_AC02_Buscar,93
"2025-02-25 08:28:49",CP02_AC01_NuevaMascota,99
"2025-02-25 08:28:49",CP01_AC01_Inventario,359
"2025-02-25 08:28:50",CP02_AC01_NuevaMascota,107
"2025-02-25 08:28:51",CP02_AC01_NuevaMascota,107
"2025-02-25 08:28:51",CP01_AC01_Inventario,401
"2025-02-25 08:28:52",CP01_AC02_Buscar,88
"2025-02-25 08:28:53",CP01_AC01_Inventario,360
"2025-02-25 08:28:53",CP02_AC01_NuevaMascota,98
"2025-02-25 08:28:54",CP01_AC01_Inventario,369
"2025-02-25 08:28:54",CP01_AC02_Buscar,89
"2025-02-25 08:28:55",CP01_AC01_Inventario,405
"2025-02-25 08:28:56",CP01_AC01_Inventario,367
"2025-02-25 08:28:56",CP01_AC02_Buscar,99
"2025-02-25 08:28:57",CP02_AC01_NuevaMascota,98
"2025-02-25 08:28:58",CP01_AC02_Buscar,93
"2025-02-25 08:28:58",CP01_AC01_Inventario,359
"2025-02-25 08:28:59",CP02_AC01_NuevaMascota,105
"2025-02-25 08:28:59",CP01_AC02_Buscar,90
"2025-02-25 08:29:00",CP01_AC02_Buscar,93
"2025-02-25 08:29:01",CP01_AC02_Buscar,89
"2025-02-25 08:29:01",CP02_AC01_NuevaMascota,116
"2025-02-25 08:29:02",CP01_AC01_Inventario,358
"2025-02-25 08:29:03",CP02_AC01_NuevaMascota,101
"2025-02-25 08:29:03",CP01_AC02_Buscar,91
"2025-02-25 08:29:04",CP01_AC01_Inventario,359
"2025-02-25 08:29:04",CP02_AC01_NuevaMascota,103
"2025-02-25 08:29:05",CP02_AC01_NuevaMascota,106
"2025-02-25 08:29:06",CP02_AC01_NuevaMascota,89
"2025-02-25 08:29:06",CP01_AC01_Inventario,361
"2025-02-25 08:29:07",CP01_AC02_Buscar,95
"2025-02-25 08:29:08",CP01_AC01_Inventario,373
"2025-02-25 08:29:08",CP02_AC01_NuevaMascota,102
"2025-02-25 08:29:09",CP01_AC01_Inventario,414
"2025-02-25 08:29:09",CP01_AC02_Buscar,96
"2025-02-25 08:29:10",CP01_AC01_Inventario,395
"2025-02-25 08:29:11",CP01_AC01_Inventario,398
"2025-02-25 08:29:11",CP01_AC02_Buscar,89
"2025-02-25 08:29:12",CP01_AC01_Inventario,359
"2025-02-25 08:29:13",CP01_AC02_Buscar,90
"2025-02-25 08:29:13",CP01_AC01_Inventario,595
"2025-02-25 08:29:14",CP02_AC01_NuevaMascota,90
"2025-02-25 08:29:14",CP01_AC02_Buscar,104
"2025-02-25 08:29:15",CP01_AC02_Buscar,97
"2025-02-25 08:29:16",CP01_AC02_Buscar,98
"2025-02-25 08:29:16",CP02_AC01_NuevaMascota,93
"2025-02-25 08:29:17",CP01_AC02_Buscar,93
"2025-02-25 08:29:18",CP02_AC01_NuevaMascota,92
"2025-02-25 08:29:18",CP01_AC02_Buscar,98
"2025-02-25 08:29:19",CP02_AC01_NuevaMascota,104
"2025-02-25 08:29:19",CP01_AC01_Inventario,364
"2025-02-25 08:29:20",CP02_AC01_NuevaMascota,99
"2025-02-25 08:29:21",CP02_AC01_NuevaMascota,99
"2025-02-25 08:29:21",CP01_AC01_Inventario,359
"2025-02-25 08:29:22",CP02_AC01_NuevaMascota,92
"2025-02-25 08:29:23",CP01_AC01_Inventario,365
"2025-02-25 08:29:23",CP02_AC01_NuevaMascota,107
"2025-02-25 08:29:24",CP01_AC02_Buscar,95
"2025-02-25 08:29:24",CP01_AC01_Inventario,360
"2025-02-25 08:29:25",CP01_AC01_Inventario,361
"2025-02-25 08:29:26",CP01_AC01_Inventario,416
"2025-02-25 08:29:26",CP01_AC02_Buscar,90
"2025-02-25 08:29:27",CP01_AC01_Inventario,360
"2025-02-25 08:29:28",CP01_AC02_Buscar,88
"2025-02-25 08:29:28",CP01_AC01_Inventario,417
"2025-02-25 08:29:29",CP02_AC01_NuevaMascota,140
"2025-02-25 08:29:29",CP01_AC02_Buscar,91
"2025-02-25 08:29:30",CP01_AC02_Buscar,88
"2025-02-25 08:29:31",CP01_AC02_Buscar,104
"2025-02-25 08:29:31",CP02_AC01_NuevaMascota,99
"2025-02-25 08:29:32",CP01_AC02_Buscar,91
"2025-02-25 08:29:33",CP02_AC01_NuevaMascota,97
"2025-02-25 08:29:33",CP01_AC02_Buscar,103
"2025-02-25 08:29:34",CP02_AC01_NuevaMascota,97
"2025-02-25 08:29:34",CP01_AC01_Inventario,426
"2025-02-25 08:29:35",CP02_AC01_NuevaMascota,105
"2025-02-25 08:29:36",CP02_AC01_NuevaMascota,112
"2025-02-25 08:29:36",CP01_AC01_Inventario,357
"2025-02-25 08:29:37",CP02_AC01_NuevaMascota,102
"2025-02-25 08:29:38",CP01_AC01_Inventario,359
"2025-02-25 08:29:38",CP02_AC01_NuevaMascota,100
"2025-02-25 08:29:39",CP01_AC02_Buscar,106
"2025-02-25 08:29:39",CP01_AC01_Inventario,395
"2025-02-25 08:29:40",CP01_AC01_Inventario,357
"2025-02-25 08:29:41",CP01_AC01_Inventario,569
"2025-02-25 08:29:41",CP01_AC02_Buscar,92
"2025-02-25 08:29:42",CP01_AC01_Inventario,359
"2025-02-25 08:29:43",CP01_AC02_Buscar,96
"2025-02-25 08:29:43",CP01_AC01_Inventario,359
"2025-02-25 08:29:44",CP01_AC02_Buscar,101
"2025-02-25 08:29:44",CP02_AC01_NuevaMascota,112
"2025-02-25 08:29:45",CP01_AC02_Buscar,103
"2025-02-25 08:29:46",CP01_AC02_Buscar,95
"2025-02-25 08:29:46",CP02_AC01_NuevaMascota,97
"2025-02-25 08:29:47",CP01_AC02_Buscar,89
"2025-02-25 08:29:48",CP02_AC01_NuevaMascota,102
"2025-02-25 08:29:48",CP01_AC02_Buscar,88
"2025-02-25 08:29:49",CP02_AC01_NuevaMascota,108
"2025-02-25 08:29:49",CP01_AC01_Inventario,359
"2025-02-25 08:29:50",CP02_AC01_NuevaMascota,89
"2025-02-25 08:29:51",CP02_AC01_NuevaMascota,107
"2025-02-25 08:29:51",CP01_AC01_Inventario,357
"2025-02-25 08:29:52",CP02_AC01_NuevaMascota,104
"2025-02-25 08:29:53",CP01_AC01_Inventario,387
"2025-02-25 08:29:53",CP02_AC01_NuevaMascota,105
"2025-02-25 08:29:54",CP01_AC01_Inventario,360
"2025-02-25 08:29:54",CP01_AC02_Buscar,89
"2025-02-25 08:29:55",CP01_AC01_Inventario,358
"2025-02-25 08:29:56",CP01_AC01_Inventario,357
"2025-02-25 08:29:56",CP01_AC02_Buscar,90
"2025-02-25 08:29:57",CP01_AC01_Inventario,358
"2025-02-25 08:29:58",CP01_AC02_Buscar,88
"2025-02-25 08:29:58",CP01_AC01_Inventario,363
"2025-02-25 08:29:59",CP02_AC01_NuevaMascota,97
"2025-02-25 08:29:59",CP01_AC02_Buscar,87
"2025-02-25 08:30:00",CP01_AC02_Buscar,90
"2025-02-25 08:30:01",CP01_AC02_Buscar,88
"2025-02-25 08:30:01",CP02_AC01_NuevaMascota,97
"2025-02-25 08:30:02",CP01_AC02_Buscar,90
"2025-02-25 08:30:03",CP02_AC01_NuevaMascota,97
"2025-02-25 08:30:03",CP01_AC02_Buscar,89
"2025-02-25 08:30:04",CP02_AC01_NuevaMascota,98
"2025-02-25 08:30:04",CP01_AC01_Inventario,359
"2025-02-25 08:30:05",CP02_AC01_NuevaMascota,107
"2025-02-25 08:30:06",CP02_AC01_NuevaMascota,100
"2025-02-25 08:30:06",CP01_AC01_Inventario,367
"2025-02-25 08:30:07",CP02_AC01_NuevaMascota,104
"2025-02-25 08:30:08",CP01_AC01_Inventario,375
"2025-02-25 08:30:08",CP02_AC01_NuevaMascota,104
"2025-02-25 08:30:09",CP01_AC02_Buscar,88
"2025-02-25 08:30:09",CP01_AC01_Inventario,355
"2025-02-25 08:30:10",CP01_AC01_Inventario,360
"2025-02-25 08:30:11",CP01_AC01_Inventario,416
"2025-02-25 08:30:11",CP01_AC02_Buscar,88
"2025-02-25 08:30:12",CP01_AC01_Inventario,356
"2025-02-25 08:30:13",CP01_AC02_Buscar,87
"2025-02-25 08:30:13",CP01_AC01_Inventario,362
"2025-02-25 08:30:14",CP02_AC01_NuevaMascota,104
"2025-02-25 08:30:14",CP01_AC02_Buscar,88
"2025-02-25 08:30:15",CP01_AC02_Buscar,94
"2025-02-25 08:30:16",CP01_AC02_Buscar,109
"2025-02-25 08:30:16",CP02_AC01_NuevaMascota,104
"2025-02-25 08:30:17",CP01_AC02_Buscar,89
"2025-02-25 08:30:18",CP02_AC01_NuevaMascota,105
"2025-02-25 08:30:18",CP01_AC02_Buscar,89
"2025-02-25 08:30:19",CP02_AC01_NuevaMascota,104
"2025-02-25 08:30:19",CP01_AC01_Inventario,420
"2025-02-25 08:30:20",CP02_AC01_NuevaMascota,88
"2025-02-25 08:30:21",CP02_AC01_NuevaMascota,119
"2025-02-25 08:30:21",CP01_AC01_Inventario,355
"2025-02-25 08:30:22",CP02_AC01_NuevaMascota,103
"2025-02-25 08:30:23",CP01_AC01_Inventario,356
"2025-02-25 08:30:23",CP02_AC01_NuevaMascota,104
"2025-02-25 08:30:24",CP01_AC02_Buscar,105
"2025-02-25 08:30:24",CP01_AC01_Inventario,355
"2025-02-25 08:30:25",CP01_AC01_Inventario,427
"2025-02-25 08:30:26",CP01_AC01_Inventario,356
"2025-02-25 08:30:26",CP01_AC02_Buscar,88
"2025-02-25 08:30:27",CP01_AC01_Inventario,401
"2025-02-25 08:30:28",CP01_AC02_Buscar,88
"2025-02-25 08:30:28",CP01_AC01_Inventario,403
"2025-02-25 08:30:29",CP02_AC01_NuevaMascota,108
"2025-02-25 08:30:29",CP01_AC02_Buscar,88
"2025-02-25 08:30:30",CP01_AC02_Buscar,104
"2025-02-25 08:30:31",CP01_AC02_Buscar,89
"2025-02-25 08:30:31",CP02_AC01_NuevaMascota,104
"2025-02-25 08:30:32",CP01_AC02_Buscar,97
"2025-02-25 08:30:33",CP02_AC01_NuevaMascota,103
"2025-02-25 08:30:33",CP01_AC02_Buscar,99
"2025-02-25 08:30:34",CP02_AC01_NuevaMascota,105
"2025-02-25 08:30:34",CP01_AC01_Inventario,357
"2025-02-25 08:30:35",CP02_AC01_NuevaMascota,118
"2025-02-25 08:30:36",CP02_AC01_NuevaMascota,103
"2025-02-25 08:30:36",CP01_AC01_Inventario,382
"2025-02-25 08:30:37",CP02_AC01_NuevaMascota,113
"2025-02-25 08:30:38",CP01_AC01_Inventario,366
"2025-02-25 08:30:38",CP02_AC01_NuevaMascota,98
"2025-02-25 08:30:39",CP01_AC01_Inventario,371
"2025-02-25 08:30:39",CP01_AC02_Buscar,96
"2025-02-25 08:30:40",CP01_AC01_Inventario,357
"2025-02-25 08:30:41",CP01_AC01_Inventario,369
"2025-02-25 08:30:41",CP01_AC02_Buscar,88
"2025-02-25 08:30:42",CP01_AC01_Inventario,511
"2025-02-25 08:30:43",CP01_AC02_Buscar,88
"2025-02-25 08:30:43",CP01_AC01_Inventario,359
"2025-02-25 08:30:44",CP02_AC01_NuevaMascota,102
"2025-02-25 08:30:44",CP01_AC02_Buscar,89
"2025-02-25 08:30:45",CP01_AC02_Buscar,90
"2025-02-25 08:30:46",CP01_AC02_Buscar,90
"2025-02-25 08:30:46",CP02_AC01_NuevaMascota,105
"2025-02-25 08:30:47",CP01_AC02_Buscar,88
"2025-02-25 08:30:48",CP02_AC01_NuevaMascota,103
"2025-02-25 08:30:48",CP01_AC02_Buscar,88
"2025-02-25 08:30:49",CP02_AC01_NuevaMascota,105
"2025-02-25 08:30:49",CP01_AC01_Inventario,357
"2025-02-25 08:30:50",CP02_AC01_NuevaMascota,103
"2025-02-25 08:30:51",CP02_AC01_NuevaMascota,103
"2025-02-25 08:30:51",CP01_AC01_Inventario,388
"2025-02-25 08:30:52",CP02_AC01_NuevaMascota,104
"2025-02-25 08:30:53",CP01_AC01_Inventario,419
"2025-02-25 08:30:53",CP02_AC01_NuevaMascota,105
"2025-02-25 08:30:54",CP01_AC01_Inventario,389
"2025-02-25 08:30:54",CP01_AC02_Buscar,88
"2025-02-25 08:30:55",CP01_AC01_Inventario,383
"2025-02-25 08:30:56",CP01_AC01_Inventario,353
"2025-02-25 08:30:56",CP01_AC02_Buscar,99
"2025-02-25 08:30:57",CP01_AC01_Inventario,351
"2025-02-25 08:30:58",CP01_AC02_Buscar,103
"2025-02-25 08:30:58",CP01_AC01_Inventario,353
"2025-02-25 08:30:59",CP02_AC01_NuevaMascota,104
"2025-02-25 08:30:59",CP01_AC02_Buscar,97
"2025-02-25 08:31:00",CP01_AC02_Buscar,87
"2025-02-25 08:31:01",CP01_AC02_Buscar,87
"2025-02-25 08:31:01",CP02_AC01_NuevaMascota,96
"2025-02-25 08:31:02",CP01_AC02_Buscar,88
"2025-02-25 08:31:03",CP02_AC01_NuevaMascota,104
"2025-02-25 08:31:03",CP01_AC02_Buscar,91
"2025-02-25 08:31:04",CP02_AC01_NuevaMascota,96
"2025-02-25 08:31:04",CP01_AC01_Inventario,395
"2025-02-25 08:31:05",CP02_AC01_NuevaMascota,89
"2025-02-25 08:31:06",CP02_AC01_NuevaMascota,89
"2025-02-25 08:31:06",CP01_AC01_Inventario,370
"2025-02-25 08:31:07",CP02_AC01_NuevaMascota,90
"2025-02-25 08:31:08",CP01_AC01_Inventario,351
"2025-02-25 08:31:08",CP02_AC01_NuevaMascota,93
"2025-02-25 08:31:09",CP01_AC01_Inventario,392
"2025-02-25 08:31:09",CP01_AC02_Buscar,96
"2025-02-25 08:31:10",CP01_AC01_Inventario,357
"2025-02-25 08:31:11",CP01_AC01_Inventario,356
"2025-02-25 08:31:11",CP01_AC02_Buscar,86
"2025-02-25 08:31:12",CP01_AC01_Inventario,359
"2025-02-25 08:31:13",CP01_AC02_Buscar,95
"2025-02-25 08:31:13",CP01_AC01_Inventario,384
"2025-02-25 08:31:14",CP01_AC02_Buscar,87
"2025-02-25 08:31:14",CP02_AC01_NuevaMascota,115
"2025-02-25 08:31:15",CP01_AC02_Buscar,88
"2025-02-25 08:31:16",CP01_AC02_Buscar,88
"2025-02-25 08:31:16",CP02_AC01_NuevaMascota,105
"2025-02-25 08:31:17",CP01_AC02_Buscar,87
"2025-02-25 08:31:18",CP02_AC01_NuevaMascota,104
"2025-02-25 08:31:18",CP01_AC02_Buscar,87
"2025-02-25 08:31:19",CP02_AC01_NuevaMascota,105
"2025-02-25 08:31:19",CP01_AC01_Inventario,416
"2025-02-25 08:31:20",CP02_AC01_NuevaMascota,103
"2025-02-25 08:31:21",CP02_AC01_NuevaMascota,103
"2025-02-25 08:31:21",CP01_AC01_Inventario,355
"2025-02-25 08:31:22",CP02_AC01_NuevaMascota,103
"2025-02-25 08:31:23",CP01_AC01_Inventario,356
"2025-02-25 08:31:23",CP02_AC01_NuevaMascota,107
"2025-02-25 08:31:24",CP01_AC01_Inventario,362
"2025-02-25 08:31:24",CP01_AC02_Buscar,104
"2025-02-25 08:31:25",CP01_AC01_Inventario,354
"2025-02-25 08:31:26",CP01_AC01_Inventario,352
"2025-02-25 08:31:26",CP01_AC02_Buscar,88
"2025-02-25 08:31:27",CP01_AC01_Inventario,358
"2025-02-25 08:31:28",CP01_AC02_Buscar,87
"2025-02-25 08:31:28",CP01_AC01_Inventario,364
"2025-02-25 08:31:29",CP02_AC01_NuevaMascota,103
"2025-02-25 08:31:29",CP01_AC02_Buscar,87
"2025-02-25 08:31:30",CP01_AC02_Buscar,87
"2025-02-25 08:31:31",CP01_AC02_Buscar,87
"2025-02-25 08:31:31",CP02_AC01_NuevaMascota,103
"2025-02-25 08:31:32",CP01_AC02_Buscar,88
"2025-02-25 08:31:33",CP02_AC01_NuevaMascota,102
"2025-02-25 08:31:33",CP01_AC02_Buscar,87
"2025-02-25 08:31:34",CP02_AC01_NuevaMascota,92
"2025-02-25 08:31:34",CP01_AC01_Inventario,359
"2025-02-25 08:31:35",CP02_AC01_NuevaMascota,103
"2025-02-25 08:31:36",CP02_AC01_NuevaMascota,106
"2025-02-25 08:31:36",CP01_AC01_Inventario,354
"2025-02-25 08:31:37",CP02_AC01_NuevaMascota,103
"2025-02-25 08:31:38",CP01_AC01_Inventario,366
"2025-02-25 08:31:38",CP02_AC01_NuevaMascota,103
"2025-02-25 08:31:39",CP01_AC02_Buscar,87
"2025-02-25 08:31:39",CP01_AC01_Inventario,356
"2025-02-25 08:31:40",CP01_AC01_Inventario,357
"2025-02-25 08:31:41",CP01_AC01_Inventario,365
"2025-02-25 08:31:41",CP01_AC02_Buscar,87
"2025-02-25 08:31:42",CP01_AC01_Inventario,356
"2025-02-25 08:31:43",CP01_AC02_Buscar,93
"2025-02-25 08:31:43",CP01_AC01_Inventario,355
"2025-02-25 08:31:44",CP01_AC02_Buscar,88
"2025-02-25 08:31:44",CP01_AC01_Inventario,563
"2025-02-25 08:31:45",CP01_AC02_Buscar,86
"2025-02-25 08:31:46",CP01_AC02_Buscar,87
"2025-02-25 08:31:46",CP02_AC01_NuevaMascota,93
"2025-02-25 08:31:47",CP01_AC02_Buscar,88
"2025-02-25 08:31:48",CP02_AC01_NuevaMascota,108
"2025-02-25 08:31:48",CP01_AC02_Buscar,90
"2025-02-25 08:31:49",CP02_AC01_NuevaMascota,102
"2025-02-25 08:31:49",CP01_AC02_Buscar,88
"2025-02-25 08:31:50",CP02_AC01_NuevaMascota,103
"2025-02-25 08:31:51",CP02_AC01_NuevaMascota,102
"2025-02-25 08:31:51",CP01_AC01_Inventario,406
"2025-02-25 08:31:52",CP02_AC01_NuevaMascota,104
"2025-02-25 08:31:53",CP01_AC01_Inventario,360
"2025-02-25 08:31:53",CP02_AC01_NuevaMascota,103
"2025-02-25 08:31:54",CP01_AC01_Inventario,385
"2025-02-25 08:31:54",CP02_AC01_NuevaMascota,105
"2025-02-25 08:31:55",CP01_AC01_Inventario,362
"2025-02-25 08:31:56",CP01_AC01_Inventario,353
"2025-02-25 08:31:56",CP01_AC02_Buscar,99
"2025-02-25 08:31:57",CP01_AC01_Inventario,363
"2025-02-25 08:31:58",CP01_AC02_Buscar,88
"2025-02-25 08:31:58",CP01_AC01_Inventario,361
"2025-02-25 08:31:59",CP01_AC02_Buscar,88
"2025-02-25 08:31:59",CP01_AC01_Inventario,371
"2025-02-25 08:32:00",CP01_AC02_Buscar,88
"2025-02-25 08:32:01",CP01_AC02_Buscar,93
"2025-02-25 08:32:01",CP02_AC01_NuevaMascota,100
"2025-02-25 08:32:02",CP01_AC02_Buscar,95
"2025-02-25 08:32:03",CP02_AC01_NuevaMascota,105
"2025-02-25 08:32:03",CP01_AC02_Buscar,89
"2025-02-25 08:32:04",CP02_AC01_NuevaMascota,104
"2025-02-25 08:32:04",CP01_AC02_Buscar,88
"2025-02-25 08:32:05",CP02_AC01_NuevaMascota,103
"2025-02-25 08:32:06",CP02_AC01_NuevaMascota,103
"2025-02-25 08:32:06",CP01_AC01_Inventario,355
"2025-02-25 08:32:07",CP02_AC01_NuevaMascota,103
"2025-02-25 08:32:08",CP01_AC01_Inventario,366
"2025-02-25 08:32:08",CP02_AC01_NuevaMascota,107
"2025-02-25 08:32:09",CP01_AC01_Inventario,355
"2025-02-25 08:32:09",CP02_AC01_NuevaMascota,103
"2025-02-25 08:32:10",CP01_AC01_Inventario,417
"2025-02-25 08:32:11",CP01_AC01_Inventario,369
"2025-02-25 08:32:11",CP01_AC02_Buscar,90
"2025-02-25 08:32:12",CP01_AC01_Inventario,359
"2025-02-25 08:32:13",CP01_AC02_Buscar,94
"2025-02-25 08:32:13",CP01_AC01_Inventario,354
"2025-02-25 08:32:14",CP01_AC02_Buscar,97
"2025-02-25 08:32:14",CP01_AC01_Inventario,364
"2025-02-25 08:32:15",CP01_AC02_Buscar,105
"2025-02-25 08:32:16",CP01_AC02_Buscar,87
"2025-02-25 08:32:16",CP02_AC01_NuevaMascota,105
"2025-02-25 08:32:17",CP01_AC02_Buscar,92
"2025-02-25 08:32:18",CP02_AC01_NuevaMascota,95
"2025-02-25 08:32:18",CP01_AC02_Buscar,88
"2025-02-25 08:32:19",CP02_AC01_NuevaMascota,90
"2025-02-25 08:32:19",CP01_AC02_Buscar,88
"2025-02-25 08:32:20",CP02_AC01_NuevaMascota,103
"2025-02-25 08:32:21",CP02_AC01_NuevaMascota,94
"2025-02-25 08:32:21",CP01_AC01_Inventario,425
"2025-02-25 08:32:22",CP02_AC01_NuevaMascota,90
"2025-02-25 08:32:23",CP01_AC01_Inventario,358
"2025-02-25 08:32:23",CP02_AC01_NuevaMascota,91
"2025-02-25 08:32:24",CP01_AC01_Inventario,354
"2025-02-25 08:32:24",CP02_AC01_NuevaMascota,91
"2025-02-25 08:32:25",CP01_AC01_Inventario,355
"2025-02-25 08:32:26",CP01_AC01_Inventario,367
"2025-02-25 08:32:26",CP01_AC02_Buscar,99
"2025-02-25 08:32:27",CP01_AC01_Inventario,354
"2025-02-25 08:32:28",CP01_AC02_Buscar,88
"2025-02-25 08:32:28",CP01_AC01_Inventario,418
